design,resnum,ss
design_0,1,coil
design_0,2,coil
design_0,3,strand
design_0,4,strand
design_0,5,strand
design_0,6,strand
design_0,7,strand
design_0,8,strand
design_0,9,strand
design_0,10,strand
design_0,11,coil
design_0,12,coil
design_0,13,coil
design_0,14,helix
design_0,15,helix
design_0,16,helix
design_0,17,helix
design_0,18,helix
design_0,19,helix
design_0,20,helix
design_0,21,helix
design_0,22,helix
design_0,23,helix
design_0,24,helix
design_0,25,helix
design_0,26,helix
design_0,27,coil
design_0,28,coil
design_0,29,coil
design_0,30,coil
design_0,31,strand
design_0,32,strand
design_0,33,strand
design_0,34,strand
design_0,35,strand
design_0,36,strand
design_0,37,strand
design_0,38,strand
design_0,39,coil
design_0,40,coil
design_0,41,coil
design_0,42,coil
design_0,43,coil
design_0,44,coil
design_0,45,coil
design_0,46,strand
design_0,47,strand
design_0,48,strand
design_0,49,strand
design_0,50,strand
design_0,51,strand
design_0,52,strand
design_0,53,strand
design_0,54,coil
design_0,55,coil
design_0,56,coil
design_0,57,helix
design_0,58,helix
design_0,59,helix
design_0,60,helix
design_0,61,helix
design_0,62,helix
design_0,63,helix
design_0,64,helix
design_0,65,helix
design_0,66,helix
design_0,67,helix
design_0,68,coil
design_0,69,coil
design_0,70,coil
design_0,71,strand
design_0,72,strand
design_0,73,strand
design_0,74,strand
design_0,75,strand
design_0,76,strand
design_0,77,strand
design_0,78,strand
design_0,79,strand
design_0,80,coil
design_0,81,coil
design_0,82,coil
design_1,1,coil
design_1,2,coil
design_1,3,strand
design_1,4,strand
design_1,5,strand
design_1,6,strand
design_1,7,strand
design_1,8,strand
design_1,9,strand
design_1,10,strand
design_1,11,coil
design_1,12,coil
design_1,13,coil
design_1,14,helix
design_1,15,helix
design_1,16,helix
design_1,17,helix
design_1,18,helix
design_1,19,helix
design_1,20,helix
design_1,21,helix
design_1,22,helix
design_1,23,helix
design_1,24,helix
design_1,25,helix
design_1,26,helix
design_1,27,coil
design_1,28,coil
design_1,29,coil
design_1,30,coil
design_1,31,strand
design_1,32,strand
design_1,33,strand
design_1,34,strand
design_1,35,strand
design_1,36,strand
design_1,37,strand
design_1,38,strand
design_1,39,coil
design_1,40,coil
design_1,41,coil
design_1,42,coil
design_1,43,coil
design_1,44,coil
design_1,45,coil
design_1,46,strand
design_1,47,strand
design_1,48,strand
design_1,49,strand
design_1,50,strand
design_1,51,strand
design_1,52,strand
design_1,53,strand
design_1,54,coil
design_1,55,coil
design_1,56,coil
design_1,57,helix
design_1,58,helix
design_1,59,helix
design_1,60,helix
design_1,61,helix
design_1,62,helix
design_1,63,helix
design_1,64,helix
design_1,65,helix
design_1,66,helix
design_1,67,helix
design_1,68,coil
design_1,69,coil
design_1,70,coil
design_1,71,strand
design_1,72,strand
design_1,73,strand
design_1,74,strand
design_1,75,strand
design_1,76,strand
design_1,77,strand
design_1,78,strand
design_1,79,coil
design_1,80,coil
design_1,81,coil
design_1,82,coil
design_10,1,coil
design_10,2,coil
design_10,3,strand
design_10,4,strand
design_10,5,strand
design_10,6,strand
design_10,7,strand
design_10,8,strand
design_10,9,strand
design_10,10,strand
design_10,11,coil
design_10,12,coil
design_10,13,coil
design_10,14,helix
design_10,15,helix
design_10,16,helix
design_10,17,helix
design_10,18,helix
design_10,19,helix
design_10,20,helix
design_10,21,helix
design_10,22,helix
design_10,23,helix
design_10,24,helix
design_10,25,helix
design_10,26,helix
design_10,27,coil
design_10,28,coil
design_10,29,coil
design_10,30,coil
design_10,31,strand
design_10,32,strand
design_10,33,strand
design_10,34,strand
design_10,35,strand
design_10,36,strand
design_10,37,strand
design_10,38,strand
design_10,39,strand
design_10,40,coil
design_10,41,coil
design_10,42,strand
design_10,43,strand
design_10,44,strand
design_10,45,strand
design_10,46,strand
design_10,47,strand
design_10,48,strand
design_10,49,strand
design_10,50,strand
design_10,51,coil
design_10,52,coil
design_10,53,coil
design_10,54,helix
design_10,55,helix
design_10,56,helix
design_10,57,helix
design_10,58,helix
design_10,59,helix
design_10,60,helix
design_10,61,helix
design_10,62,helix
design_10,63,helix
design_10,64,helix
design_10,65,coil
design_10,66,coil
design_10,67,coil
design_10,68,strand
design_10,69,strand
design_10,70,strand
design_10,71,strand
design_10,72,strand
design_10,73,strand
design_10,74,strand
design_10,75,strand
design_10,76,coil
design_10,77,coil
design_10,78,coil
design_10,79,coil
design_11,1,coil
design_11,2,coil
design_11,3,strand
design_11,4,strand
design_11,5,strand
design_11,6,strand
design_11,7,strand
design_11,8,strand
design_11,9,strand
design_11,10,strand
design_11,11,coil
design_11,12,coil
design_11,13,coil
design_11,14,helix
design_11,15,helix
design_11,16,helix
design_11,17,helix
design_11,18,helix
design_11,19,helix
design_11,20,helix
design_11,21,helix
design_11,22,helix
design_11,23,helix
design_11,24,helix
design_11,25,helix
design_11,26,helix
design_11,27,coil
design_11,28,coil
design_11,29,coil
design_11,30,coil
design_11,31,strand
design_11,32,strand
design_11,33,strand
design_11,34,strand
design_11,35,strand
design_11,36,strand
design_11,37,strand
design_11,38,strand
design_11,39,coil
design_11,40,coil
design_11,41,coil
design_11,42,coil
design_11,43,coil
design_11,44,coil
design_11,45,coil
design_11,46,coil
design_11,47,strand
design_11,48,strand
design_11,49,strand
design_11,50,strand
design_11,51,strand
design_11,52,strand
design_11,53,strand
design_11,54,strand
design_11,55,coil
design_11,56,coil
design_11,57,coil
design_11,58,helix
design_11,59,helix
design_11,60,helix
design_11,61,helix
design_11,62,helix
design_11,63,helix
design_11,64,helix
design_11,65,helix
design_11,66,helix
design_11,67,helix
design_11,68,helix
design_11,69,coil
design_11,70,coil
design_11,71,coil
design_11,72,strand
design_11,73,strand
design_11,74,strand
design_11,75,strand
design_11,76,strand
design_11,77,strand
design_11,78,strand
design_11,79,strand
design_11,80,coil
design_11,81,coil
design_11,82,coil
design_11,83,coil
design_12,1,coil
design_12,2,coil
design_12,3,strand
design_12,4,strand
design_12,5,strand
design_12,6,strand
design_12,7,strand
design_12,8,strand
design_12,9,strand
design_12,10,strand
design_12,11,coil
design_12,12,coil
design_12,13,coil
design_12,14,helix
design_12,15,helix
design_12,16,helix
design_12,17,helix
design_12,18,helix
design_12,19,helix
design_12,20,helix
design_12,21,helix
design_12,22,helix
design_12,23,helix
design_12,24,helix
design_12,25,helix
design_12,26,helix
design_12,27,coil
design_12,28,coil
design_12,29,coil
design_12,30,coil
design_12,31,strand
design_12,32,strand
design_12,33,strand
design_12,34,strand
design_12,35,strand
design_12,36,strand
design_12,37,strand
design_12,38,strand
design_12,39,strand
design_12,40,strand
design_12,41,coil
design_12,42,coil
design_12,43,coil
design_12,44,coil
design_12,45,coil
design_12,46,coil
design_12,47,strand
design_12,48,strand
design_12,49,strand
design_12,50,strand
design_12,51,strand
design_12,52,strand
design_12,53,strand
design_12,54,strand
design_12,55,strand
design_12,56,strand
design_12,57,coil
design_12,58,coil
design_12,59,coil
design_12,60,helix
design_12,61,helix
design_12,62,helix
design_12,63,helix
design_12,64,helix
design_12,65,helix
design_12,66,helix
design_12,67,helix
design_12,68,helix
design_12,69,helix
design_12,70,helix
design_12,71,coil
design_12,72,coil
design_12,73,coil
design_12,74,strand
design_12,75,strand
design_12,76,strand
design_12,77,strand
design_12,78,strand
design_12,79,strand
design_12,80,strand
design_12,81,strand
design_12,82,coil
design_12,83,coil
design_12,84,coil
design_12,85,coil
design_13,1,coil
design_13,2,coil
design_13,3,strand
design_13,4,strand
design_13,5,strand
design_13,6,strand
design_13,7,strand
design_13,8,strand
design_13,9,strand
design_13,10,strand
design_13,11,coil
design_13,12,coil
design_13,13,coil
design_13,14,helix
design_13,15,helix
design_13,16,helix
design_13,17,helix
design_13,18,helix
design_13,19,helix
design_13,20,helix
design_13,21,helix
design_13,22,helix
design_13,23,helix
design_13,24,helix
design_13,25,helix
design_13,26,helix
design_13,27,coil
design_13,28,coil
design_13,29,coil
design_13,30,coil
design_13,31,strand
design_13,32,strand
design_13,33,strand
design_13,34,strand
design_13,35,strand
design_13,36,strand
design_13,37,coil
design_13,38,coil
design_13,39,coil
design_13,40,coil
design_13,41,strand
design_13,42,strand
design_13,43,strand
design_13,44,strand
design_13,45,strand
design_13,46,strand
design_13,47,strand
design_13,48,coil
design_13,49,coil
design_13,50,coil
design_13,51,helix
design_13,52,helix
design_13,53,helix
design_13,54,helix
design_13,55,helix
design_13,56,helix
design_13,57,helix
design_13,58,helix
design_13,59,helix
design_13,60,helix
design_13,61,helix
design_13,62,coil
design_13,63,coil
design_13,64,coil
design_13,65,strand
design_13,66,strand
design_13,67,strand
design_13,68,strand
design_13,69,strand
design_13,70,strand
design_13,71,strand
design_13,72,strand
design_13,73,coil
design_13,74,coil
design_13,75,coil
design_13,76,coil
design_14,1,coil
design_14,2,coil
design_14,3,strand
design_14,4,strand
design_14,5,strand
design_14,6,strand
design_14,7,strand
design_14,8,strand
design_14,9,strand
design_14,10,strand
design_14,11,coil
design_14,12,coil
design_14,13,coil
design_14,14,helix
design_14,15,helix
design_14,16,helix
design_14,17,helix
design_14,18,helix
design_14,19,helix
design_14,20,helix
design_14,21,helix
design_14,22,helix
design_14,23,helix
design_14,24,helix
design_14,25,helix
design_14,26,helix
design_14,27,coil
design_14,28,coil
design_14,29,coil
design_14,30,coil
design_14,31,strand
design_14,32,strand
design_14,33,strand
design_14,34,strand
design_14,35,strand
design_14,36,strand
design_14,37,strand
design_14,38,strand
design_14,39,coil
design_14,40,coil
design_14,41,coil
design_14,42,coil
design_14,43,coil
design_14,44,strand
design_14,45,strand
design_14,46,strand
design_14,47,strand
design_14,48,strand
design_14,49,strand
design_14,50,strand
design_14,51,strand
design_14,52,coil
design_14,53,coil
design_14,54,coil
design_14,55,helix
design_14,56,helix
design_14,57,helix
design_14,58,helix
design_14,59,helix
design_14,60,helix
design_14,61,helix
design_14,62,helix
design_14,63,helix
design_14,64,helix
design_14,65,helix
design_14,66,coil
design_14,67,coil
design_14,68,coil
design_14,69,strand
design_14,70,strand
design_14,71,strand
design_14,72,strand
design_14,73,strand
design_14,74,strand
design_14,75,strand
design_14,76,strand
design_14,77,coil
design_14,78,coil
design_14,79,coil
design_14,80,coil
design_15,1,coil
design_15,2,coil
design_15,3,strand
design_15,4,strand
design_15,5,strand
design_15,6,strand
design_15,7,strand
design_15,8,strand
design_15,9,strand
design_15,10,strand
design_15,11,coil
design_15,12,coil
design_15,13,coil
design_15,14,helix
design_15,15,helix
design_15,16,helix
design_15,17,helix
design_15,18,helix
design_15,19,helix
design_15,20,helix
design_15,21,helix
design_15,22,helix
design_15,23,helix
design_15,24,helix
design_15,25,helix
design_15,26,helix
design_15,27,coil
design_15,28,coil
design_15,29,coil
design_15,30,coil
design_15,31,strand
design_15,32,strand
design_15,33,strand
design_15,34,strand
design_15,35,strand
design_15,36,strand
design_15,37,strand
design_15,38,strand
design_15,39,coil
design_15,40,coil
design_15,41,coil
design_15,42,coil
design_15,43,coil
design_15,44,coil
design_15,45,strand
design_15,46,strand
design_15,47,strand
design_15,48,strand
design_15,49,strand
design_15,50,strand
design_15,51,strand
design_15,52,strand
design_15,53,coil
design_15,54,coil
design_15,55,coil
design_15,56,helix
design_15,57,helix
design_15,58,helix
design_15,59,helix
design_15,60,helix
design_15,61,helix
design_15,62,helix
design_15,63,helix
design_15,64,helix
design_15,65,helix
design_15,66,helix
design_15,67,coil
design_15,68,coil
design_15,69,coil
design_15,70,strand
design_15,71,strand
design_15,72,strand
design_15,73,strand
design_15,74,strand
design_15,75,strand
design_15,76,strand
design_15,77,strand
design_15,78,coil
design_15,79,coil
design_15,80,coil
design_15,81,coil
design_16,1,coil
design_16,2,coil
design_16,3,strand
design_16,4,strand
design_16,5,strand
design_16,6,strand
design_16,7,strand
design_16,8,strand
design_16,9,strand
design_16,10,strand
design_16,11,coil
design_16,12,coil
design_16,13,coil
design_16,14,helix
design_16,15,helix
design_16,16,helix
design_16,17,helix
design_16,18,helix
design_16,19,helix
design_16,20,helix
design_16,21,helix
design_16,22,helix
design_16,23,helix
design_16,24,helix
design_16,25,helix
design_16,26,helix
design_16,27,coil
design_16,28,coil
design_16,29,coil
design_16,30,coil
design_16,31,strand
design_16,32,strand
design_16,33,strand
design_16,34,strand
design_16,35,strand
design_16,36,strand
design_16,37,strand
design_16,38,strand
design_16,39,strand
design_16,40,coil
design_16,41,coil
design_16,42,strand
design_16,43,strand
design_16,44,strand
design_16,45,strand
design_16,46,strand
design_16,47,strand
design_16,48,strand
design_16,49,strand
design_16,50,strand
design_16,51,coil
design_16,52,coil
design_16,53,coil
design_16,54,helix
design_16,55,helix
design_16,56,helix
design_16,57,helix
design_16,58,helix
design_16,59,helix
design_16,60,helix
design_16,61,helix
design_16,62,helix
design_16,63,helix
design_16,64,helix
design_16,65,coil
design_16,66,coil
design_16,67,coil
design_16,68,strand
design_16,69,strand
design_16,70,strand
design_16,71,strand
design_16,72,strand
design_16,73,strand
design_16,74,strand
design_16,75,strand
design_16,76,coil
design_16,77,coil
design_16,78,coil
design_16,79,coil
design_17,1,coil
design_17,2,coil
design_17,3,strand
design_17,4,strand
design_17,5,strand
design_17,6,strand
design_17,7,strand
design_17,8,strand
design_17,9,strand
design_17,10,strand
design_17,11,coil
design_17,12,coil
design_17,13,coil
design_17,14,helix
design_17,15,helix
design_17,16,helix
design_17,17,helix
design_17,18,helix
design_17,19,helix
design_17,20,helix
design_17,21,helix
design_17,22,helix
design_17,23,helix
design_17,24,helix
design_17,25,helix
design_17,26,helix
design_17,27,coil
design_17,28,coil
design_17,29,coil
design_17,30,coil
design_17,31,strand
design_17,32,strand
design_17,33,strand
design_17,34,strand
design_17,35,strand
design_17,36,strand
design_17,37,strand
design_17,38,strand
design_17,39,strand
design_17,40,coil
design_17,41,coil
design_17,42,strand
design_17,43,strand
design_17,44,strand
design_17,45,strand
design_17,46,strand
design_17,47,strand
design_17,48,strand
design_17,49,strand
design_17,50,strand
design_17,51,coil
design_17,52,coil
design_17,53,coil
design_17,54,helix
design_17,55,helix
design_17,56,helix
design_17,57,helix
design_17,58,helix
design_17,59,helix
design_17,60,helix
design_17,61,helix
design_17,62,helix
design_17,63,helix
design_17,64,helix
design_17,65,coil
design_17,66,coil
design_17,67,coil
design_17,68,strand
design_17,69,strand
design_17,70,strand
design_17,71,strand
design_17,72,strand
design_17,73,strand
design_17,74,strand
design_17,75,strand
design_17,76,strand
design_17,77,coil
design_17,78,coil
design_17,79,coil
design_18,1,coil
design_18,2,coil
design_18,3,strand
design_18,4,strand
design_18,5,strand
design_18,6,strand
design_18,7,strand
design_18,8,strand
design_18,9,strand
design_18,10,strand
design_18,11,coil
design_18,12,coil
design_18,13,coil
design_18,14,helix
design_18,15,helix
design_18,16,helix
design_18,17,helix
design_18,18,helix
design_18,19,helix
design_18,20,helix
design_18,21,helix
design_18,22,helix
design_18,23,helix
design_18,24,helix
design_18,25,helix
design_18,26,helix
design_18,27,coil
design_18,28,coil
design_18,29,coil
design_18,30,coil
design_18,31,strand
design_18,32,strand
design_18,33,strand
design_18,34,strand
design_18,35,strand
design_18,36,strand
design_18,37,coil
design_18,38,coil
design_18,39,coil
design_18,40,strand
design_18,41,strand
design_18,42,strand
design_18,43,strand
design_18,44,strand
design_18,45,strand
design_18,46,strand
design_18,47,coil
design_18,48,coil
design_18,49,coil
design_18,50,helix
design_18,51,helix
design_18,52,helix
design_18,53,helix
design_18,54,helix
design_18,55,helix
design_18,56,helix
design_18,57,helix
design_18,58,helix
design_18,59,helix
design_18,60,helix
design_18,61,coil
design_18,62,coil
design_18,63,coil
design_18,64,strand
design_18,65,strand
design_18,66,strand
design_18,67,strand
design_18,68,strand
design_18,69,strand
design_18,70,strand
design_18,71,strand
design_18,72,coil
design_18,73,coil
design_18,74,coil
design_18,75,coil
design_19,1,coil
design_19,2,coil
design_19,3,strand
design_19,4,strand
design_19,5,strand
design_19,6,strand
design_19,7,strand
design_19,8,strand
design_19,9,strand
design_19,10,strand
design_19,11,coil
design_19,12,coil
design_19,13,coil
design_19,14,helix
design_19,15,helix
design_19,16,helix
design_19,17,helix
design_19,18,helix
design_19,19,helix
design_19,20,helix
design_19,21,helix
design_19,22,helix
design_19,23,helix
design_19,24,helix
design_19,25,helix
design_19,26,helix
design_19,27,coil
design_19,28,coil
design_19,29,coil
design_19,30,coil
design_19,31,strand
design_19,32,strand
design_19,33,strand
design_19,34,strand
design_19,35,strand
design_19,36,strand
design_19,37,coil
design_19,38,coil
design_19,39,coil
design_19,40,coil
design_19,41,strand
design_19,42,strand
design_19,43,strand
design_19,44,strand
design_19,45,strand
design_19,46,strand
design_19,47,strand
design_19,48,coil
design_19,49,coil
design_19,50,coil
design_19,51,helix
design_19,52,helix
design_19,53,helix
design_19,54,helix
design_19,55,helix
design_19,56,helix
design_19,57,helix
design_19,58,helix
design_19,59,helix
design_19,60,helix
design_19,61,helix
design_19,62,coil
design_19,63,coil
design_19,64,coil
design_19,65,strand
design_19,66,strand
design_19,67,strand
design_19,68,strand
design_19,69,strand
design_19,70,strand
design_19,71,strand
design_19,72,strand
design_19,73,coil
design_19,74,coil
design_19,75,coil
design_19,76,coil
design_2,1,coil
design_2,2,coil
design_2,3,strand
design_2,4,strand
design_2,5,strand
design_2,6,strand
design_2,7,strand
design_2,8,strand
design_2,9,strand
design_2,10,strand
design_2,11,coil
design_2,12,coil
design_2,13,coil
design_2,14,helix
design_2,15,helix
design_2,16,helix
design_2,17,helix
design_2,18,helix
design_2,19,helix
design_2,20,helix
design_2,21,helix
design_2,22,helix
design_2,23,helix
design_2,24,helix
design_2,25,helix
design_2,26,helix
design_2,27,coil
design_2,28,coil
design_2,29,coil
design_2,30,coil
design_2,31,strand
design_2,32,strand
design_2,33,strand
design_2,34,strand
design_2,35,strand
design_2,36,strand
design_2,37,strand
design_2,38,coil
design_2,39,coil
design_2,40,strand
design_2,41,strand
design_2,42,strand
design_2,43,strand
design_2,44,strand
design_2,45,strand
design_2,46,strand
design_2,47,coil
design_2,48,coil
design_2,49,coil
design_2,50,helix
design_2,51,helix
design_2,52,helix
design_2,53,helix
design_2,54,helix
design_2,55,helix
design_2,56,helix
design_2,57,helix
design_2,58,helix
design_2,59,helix
design_2,60,helix
design_2,61,coil
design_2,62,coil
design_2,63,coil
design_2,64,strand
design_2,65,strand
design_2,66,strand
design_2,67,strand
design_2,68,strand
design_2,69,strand
design_2,70,strand
design_2,71,strand
design_2,72,coil
design_2,73,coil
design_2,74,coil
design_2,75,coil
design_20,1,coil
design_20,2,coil
design_20,3,strand
design_20,4,strand
design_20,5,strand
design_20,6,strand
design_20,7,strand
design_20,8,strand
design_20,9,strand
design_20,10,strand
design_20,11,coil
design_20,12,coil
design_20,13,coil
design_20,14,helix
design_20,15,helix
design_20,16,helix
design_20,17,helix
design_20,18,helix
design_20,19,helix
design_20,20,helix
design_20,21,helix
design_20,22,helix
design_20,23,helix
design_20,24,helix
design_20,25,helix
design_20,26,helix
design_20,27,coil
design_20,28,coil
design_20,29,coil
design_20,30,coil
design_20,31,strand
design_20,32,strand
design_20,33,strand
design_20,34,strand
design_20,35,strand
design_20,36,strand
design_20,37,strand
design_20,38,coil
design_20,39,coil
design_20,40,coil
design_20,41,coil
design_20,42,strand
design_20,43,strand
design_20,44,strand
design_20,45,strand
design_20,46,strand
design_20,47,strand
design_20,48,strand
design_20,49,coil
design_20,50,coil
design_20,51,coil
design_20,52,helix
design_20,53,helix
design_20,54,helix
design_20,55,helix
design_20,56,helix
design_20,57,helix
design_20,58,helix
design_20,59,helix
design_20,60,helix
design_20,61,helix
design_20,62,helix
design_20,63,coil
design_20,64,coil
design_20,65,coil
design_20,66,strand
design_20,67,strand
design_20,68,strand
design_20,69,strand
design_20,70,strand
design_20,71,strand
design_20,72,strand
design_20,73,strand
design_20,74,strand
design_20,75,coil
design_20,76,coil
design_20,77,coil
design_21,1,coil
design_21,2,coil
design_21,3,strand
design_21,4,strand
design_21,5,strand
design_21,6,strand
design_21,7,strand
design_21,8,strand
design_21,9,strand
design_21,10,strand
design_21,11,coil
design_21,12,coil
design_21,13,coil
design_21,14,helix
design_21,15,helix
design_21,16,helix
design_21,17,helix
design_21,18,helix
design_21,19,helix
design_21,20,helix
design_21,21,helix
design_21,22,helix
design_21,23,helix
design_21,24,helix
design_21,25,helix
design_21,26,helix
design_21,27,coil
design_21,28,coil
design_21,29,coil
design_21,30,coil
design_21,31,strand
design_21,32,strand
design_21,33,strand
design_21,34,strand
design_21,35,strand
design_21,36,strand
design_21,37,strand
design_21,38,strand
design_21,39,strand
design_21,40,strand
design_21,41,coil
design_21,42,coil
design_21,43,coil
design_21,44,coil
design_21,45,coil
design_21,46,strand
design_21,47,strand
design_21,48,strand
design_21,49,strand
design_21,50,strand
design_21,51,strand
design_21,52,strand
design_21,53,strand
design_21,54,strand
design_21,55,strand
design_21,56,coil
design_21,57,coil
design_21,58,coil
design_21,59,helix
design_21,60,helix
design_21,61,helix
design_21,62,helix
design_21,63,helix
design_21,64,helix
design_21,65,helix
design_21,66,helix
design_21,67,helix
design_21,68,helix
design_21,69,helix
design_21,70,coil
design_21,71,coil
design_21,72,coil
design_21,73,strand
design_21,74,strand
design_21,75,strand
design_21,76,strand
design_21,77,strand
design_21,78,strand
design_21,79,strand
design_21,80,strand
design_21,81,coil
design_21,82,coil
design_21,83,coil
design_21,84,coil
design_22,1,coil
design_22,2,coil
design_22,3,strand
design_22,4,strand
design_22,5,strand
design_22,6,strand
design_22,7,strand
design_22,8,strand
design_22,9,strand
design_22,10,strand
design_22,11,coil
design_22,12,coil
design_22,13,coil
design_22,14,helix
design_22,15,helix
design_22,16,helix
design_22,17,helix
design_22,18,helix
design_22,19,helix
design_22,20,helix
design_22,21,helix
design_22,22,helix
design_22,23,helix
design_22,24,helix
design_22,25,helix
design_22,26,helix
design_22,27,coil
design_22,28,coil
design_22,29,coil
design_22,30,coil
design_22,31,strand
design_22,32,strand
design_22,33,strand
design_22,34,strand
design_22,35,strand
design_22,36,strand
design_22,37,coil
design_22,38,coil
design_22,39,coil
design_22,40,coil
design_22,41,coil
design_22,42,strand
design_22,43,strand
design_22,44,strand
design_22,45,strand
design_22,46,strand
design_22,47,strand
design_22,48,strand
design_22,49,coil
design_22,50,coil
design_22,51,coil
design_22,52,helix
design_22,53,helix
design_22,54,helix
design_22,55,helix
design_22,56,helix
design_22,57,helix
design_22,58,helix
design_22,59,helix
design_22,60,helix
design_22,61,helix
design_22,62,helix
design_22,63,coil
design_22,64,coil
design_22,65,coil
design_22,66,strand
design_22,67,strand
design_22,68,strand
design_22,69,strand
design_22,70,strand
design_22,71,strand
design_22,72,strand
design_22,73,strand
design_22,74,coil
design_22,75,coil
design_22,76,coil
design_22,77,coil
design_23,1,coil
design_23,2,coil
design_23,3,strand
design_23,4,strand
design_23,5,strand
design_23,6,strand
design_23,7,strand
design_23,8,strand
design_23,9,strand
design_23,10,strand
design_23,11,coil
design_23,12,coil
design_23,13,coil
design_23,14,helix
design_23,15,helix
design_23,16,helix
design_23,17,helix
design_23,18,helix
design_23,19,helix
design_23,20,helix
design_23,21,helix
design_23,22,helix
design_23,23,helix
design_23,24,helix
design_23,25,helix
design_23,26,helix
design_23,27,coil
design_23,28,coil
design_23,29,coil
design_23,30,coil
design_23,31,strand
design_23,32,strand
design_23,33,strand
design_23,34,strand
design_23,35,strand
design_23,36,strand
design_23,37,strand
design_23,38,strand
design_23,39,coil
design_23,40,coil
design_23,41,coil
design_23,42,strand
design_23,43,strand
design_23,44,strand
design_23,45,strand
design_23,46,strand
design_23,47,strand
design_23,48,strand
design_23,49,strand
design_23,50,coil
design_23,51,coil
design_23,52,coil
design_23,53,helix
design_23,54,helix
design_23,55,helix
design_23,56,helix
design_23,57,helix
design_23,58,helix
design_23,59,helix
design_23,60,helix
design_23,61,helix
design_23,62,helix
design_23,63,helix
design_23,64,coil
design_23,65,coil
design_23,66,coil
design_23,67,strand
design_23,68,strand
design_23,69,strand
design_23,70,strand
design_23,71,strand
design_23,72,strand
design_23,73,strand
design_23,74,strand
design_23,75,strand
design_23,76,coil
design_23,77,coil
design_23,78,coil
design_24,1,coil
design_24,2,coil
design_24,3,strand
design_24,4,strand
design_24,5,strand
design_24,6,strand
design_24,7,strand
design_24,8,strand
design_24,9,strand
design_24,10,strand
design_24,11,coil
design_24,12,coil
design_24,13,coil
design_24,14,helix
design_24,15,helix
design_24,16,helix
design_24,17,helix
design_24,18,helix
design_24,19,helix
design_24,20,helix
design_24,21,helix
design_24,22,helix
design_24,23,helix
design_24,24,helix
design_24,25,helix
design_24,26,helix
design_24,27,coil
design_24,28,coil
design_24,29,coil
design_24,30,coil
design_24,31,strand
design_24,32,strand
design_24,33,strand
design_24,34,strand
design_24,35,strand
design_24,36,strand
design_24,37,strand
design_24,38,strand
design_24,39,strand
design_24,40,strand
design_24,41,coil
design_24,42,coil
design_24,43,coil
design_24,44,coil
design_24,45,coil
design_24,46,coil
design_24,47,strand
design_24,48,strand
design_24,49,strand
design_24,50,strand
design_24,51,strand
design_24,52,strand
design_24,53,strand
design_24,54,strand
design_24,55,strand
design_24,56,strand
design_24,57,coil
design_24,58,coil
design_24,59,coil
design_24,60,helix
design_24,61,helix
design_24,62,helix
design_24,63,helix
design_24,64,helix
design_24,65,helix
design_24,66,helix
design_24,67,helix
design_24,68,helix
design_24,69,helix
design_24,70,helix
design_24,71,coil
design_24,72,coil
design_24,73,coil
design_24,74,strand
design_24,75,strand
design_24,76,strand
design_24,77,strand
design_24,78,strand
design_24,79,strand
design_24,80,strand
design_24,81,strand
design_24,82,coil
design_24,83,coil
design_24,84,coil
design_24,85,coil
design_25,1,coil
design_25,2,coil
design_25,3,strand
design_25,4,strand
design_25,5,strand
design_25,6,strand
design_25,7,strand
design_25,8,strand
design_25,9,strand
design_25,10,strand
design_25,11,coil
design_25,12,coil
design_25,13,coil
design_25,14,helix
design_25,15,helix
design_25,16,helix
design_25,17,helix
design_25,18,helix
design_25,19,helix
design_25,20,helix
design_25,21,helix
design_25,22,helix
design_25,23,helix
design_25,24,helix
design_25,25,helix
design_25,26,helix
design_25,27,coil
design_25,28,coil
design_25,29,coil
design_25,30,coil
design_25,31,strand
design_25,32,strand
design_25,33,strand
design_25,34,strand
design_25,35,strand
design_25,36,strand
design_25,37,strand
design_25,38,coil
design_25,39,coil
design_25,40,coil
design_25,41,coil
design_25,42,coil
design_25,43,coil
design_25,44,coil
design_25,45,coil
design_25,46,strand
design_25,47,strand
design_25,48,strand
design_25,49,strand
design_25,50,strand
design_25,51,strand
design_25,52,strand
design_25,53,strand
design_25,54,coil
design_25,55,coil
design_25,56,coil
design_25,57,helix
design_25,58,helix
design_25,59,helix
design_25,60,helix
design_25,61,helix
design_25,62,helix
design_25,63,helix
design_25,64,helix
design_25,65,helix
design_25,66,helix
design_25,67,helix
design_25,68,coil
design_25,69,coil
design_25,70,coil
design_25,71,strand
design_25,72,strand
design_25,73,strand
design_25,74,strand
design_25,75,strand
design_25,76,strand
design_25,77,strand
design_25,78,strand
design_25,79,coil
design_25,80,coil
design_25,81,coil
design_25,82,coil
design_26,1,coil
design_26,2,coil
design_26,3,strand
design_26,4,strand
design_26,5,strand
design_26,6,strand
design_26,7,strand
design_26,8,strand
design_26,9,strand
design_26,10,strand
design_26,11,coil
design_26,12,coil
design_26,13,coil
design_26,14,helix
design_26,15,helix
design_26,16,helix
design_26,17,helix
design_26,18,helix
design_26,19,helix
design_26,20,helix
design_26,21,helix
design_26,22,helix
design_26,23,helix
design_26,24,helix
design_26,25,helix
design_26,26,helix
design_26,27,coil
design_26,28,coil
design_26,29,coil
design_26,30,coil
design_26,31,strand
design_26,32,strand
design_26,33,strand
design_26,34,strand
design_26,35,strand
design_26,36,strand
design_26,37,strand
design_26,38,strand
design_26,39,strand
design_26,40,strand
design_26,41,coil
design_26,42,coil
design_26,43,coil
design_26,44,coil
design_26,45,coil
design_26,46,strand
design_26,47,strand
design_26,48,strand
design_26,49,strand
design_26,50,strand
design_26,51,strand
design_26,52,strand
design_26,53,strand
design_26,54,strand
design_26,55,strand
design_26,56,coil
design_26,57,coil
design_26,58,coil
design_26,59,helix
design_26,60,helix
design_26,61,helix
design_26,62,helix
design_26,63,helix
design_26,64,helix
design_26,65,helix
design_26,66,helix
design_26,67,helix
design_26,68,helix
design_26,69,helix
design_26,70,coil
design_26,71,coil
design_26,72,coil
design_26,73,strand
design_26,74,strand
design_26,75,strand
design_26,76,strand
design_26,77,strand
design_26,78,strand
design_26,79,strand
design_26,80,strand
design_26,81,strand
design_26,82,coil
design_26,83,coil
design_26,84,coil
design_27,1,coil
design_27,2,coil
design_27,3,strand
design_27,4,strand
design_27,5,strand
design_27,6,strand
design_27,7,strand
design_27,8,strand
design_27,9,strand
design_27,10,strand
design_27,11,coil
design_27,12,coil
design_27,13,coil
design_27,14,helix
design_27,15,helix
design_27,16,helix
design_27,17,helix
design_27,18,helix
design_27,19,helix
design_27,20,helix
design_27,21,helix
design_27,22,helix
design_27,23,helix
design_27,24,helix
design_27,25,helix
design_27,26,helix
design_27,27,coil
design_27,28,coil
design_27,29,coil
design_27,30,coil
design_27,31,strand
design_27,32,strand
design_27,33,strand
design_27,34,strand
design_27,35,strand
design_27,36,strand
design_27,37,strand
design_27,38,coil
design_27,39,coil
design_27,40,strand
design_27,41,strand
design_27,42,strand
design_27,43,strand
design_27,44,strand
design_27,45,strand
design_27,46,strand
design_27,47,coil
design_27,48,coil
design_27,49,coil
design_27,50,helix
design_27,51,helix
design_27,52,helix
design_27,53,helix
design_27,54,helix
design_27,55,helix
design_27,56,helix
design_27,57,helix
design_27,58,helix
design_27,59,helix
design_27,60,helix
design_27,61,coil
design_27,62,coil
design_27,63,coil
design_27,64,strand
design_27,65,strand
design_27,66,strand
design_27,67,strand
design_27,68,strand
design_27,69,strand
design_27,70,strand
design_27,71,strand
design_27,72,coil
design_27,73,coil
design_27,74,coil
design_27,75,coil
design_28,1,coil
design_28,2,coil
design_28,3,strand
design_28,4,strand
design_28,5,strand
design_28,6,strand
design_28,7,strand
design_28,8,strand
design_28,9,strand
design_28,10,strand
design_28,11,coil
design_28,12,coil
design_28,13,coil
design_28,14,helix
design_28,15,helix
design_28,16,helix
design_28,17,helix
design_28,18,helix
design_28,19,helix
design_28,20,helix
design_28,21,helix
design_28,22,helix
design_28,23,helix
design_28,24,helix
design_28,25,helix
design_28,26,helix
design_28,27,coil
design_28,28,coil
design_28,29,coil
design_28,30,coil
design_28,31,strand
design_28,32,strand
design_28,33,strand
design_28,34,strand
design_28,35,strand
design_28,36,strand
design_28,37,strand
design_28,38,coil
design_28,39,coil
design_28,40,coil
design_28,41,coil
design_28,42,strand
design_28,43,strand
design_28,44,strand
design_28,45,strand
design_28,46,strand
design_28,47,strand
design_28,48,strand
design_28,49,coil
design_28,50,coil
design_28,51,coil
design_28,52,helix
design_28,53,helix
design_28,54,helix
design_28,55,helix
design_28,56,helix
design_28,57,helix
design_28,58,helix
design_28,59,helix
design_28,60,helix
design_28,61,helix
design_28,62,helix
design_28,63,coil
design_28,64,coil
design_28,65,coil
design_28,66,strand
design_28,67,strand
design_28,68,strand
design_28,69,strand
design_28,70,strand
design_28,71,strand
design_28,72,strand
design_28,73,coil
design_28,74,coil
design_28,75,coil
design_28,76,coil
design_28,77,coil
design_29,1,coil
design_29,2,coil
design_29,3,strand
design_29,4,strand
design_29,5,strand
design_29,6,strand
design_29,7,strand
design_29,8,strand
design_29,9,strand
design_29,10,strand
design_29,11,coil
design_29,12,coil
design_29,13,coil
design_29,14,helix
design_29,15,helix
design_29,16,helix
design_29,17,helix
design_29,18,helix
design_29,19,helix
design_29,20,helix
design_29,21,helix
design_29,22,helix
design_29,23,helix
design_29,24,helix
design_29,25,helix
design_29,26,helix
design_29,27,coil
design_29,28,coil
design_29,29,coil
design_29,30,coil
design_29,31,strand
design_29,32,strand
design_29,33,strand
design_29,34,strand
design_29,35,strand
design_29,36,strand
design_29,37,strand
design_29,38,strand
design_29,39,coil
design_29,40,coil
design_29,41,coil
design_29,42,coil
design_29,43,coil
design_29,44,coil
design_29,45,strand
design_29,46,strand
design_29,47,strand
design_29,48,strand
design_29,49,strand
design_29,50,strand
design_29,51,strand
design_29,52,strand
design_29,53,coil
design_29,54,coil
design_29,55,coil
design_29,56,helix
design_29,57,helix
design_29,58,helix
design_29,59,helix
design_29,60,helix
design_29,61,helix
design_29,62,helix
design_29,63,helix
design_29,64,helix
design_29,65,helix
design_29,66,helix
design_29,67,coil
design_29,68,coil
design_29,69,coil
design_29,70,strand
design_29,71,strand
design_29,72,strand
design_29,73,strand
design_29,74,strand
design_29,75,strand
design_29,76,strand
design_29,77,strand
design_29,78,coil
design_29,79,coil
design_29,80,coil
design_29,81,coil
design_3,1,coil
design_3,2,coil
design_3,3,strand
design_3,4,strand
design_3,5,strand
design_3,6,strand
design_3,7,strand
design_3,8,strand
design_3,9,strand
design_3,10,strand
design_3,11,coil
design_3,12,coil
design_3,13,coil
design_3,14,helix
design_3,15,helix
design_3,16,helix
design_3,17,helix
design_3,18,helix
design_3,19,helix
design_3,20,helix
design_3,21,helix
design_3,22,helix
design_3,23,helix
design_3,24,helix
design_3,25,helix
design_3,26,helix
design_3,27,coil
design_3,28,coil
design_3,29,coil
design_3,30,coil
design_3,31,strand
design_3,32,strand
design_3,33,strand
design_3,34,strand
design_3,35,strand
design_3,36,strand
design_3,37,strand
design_3,38,strand
design_3,39,coil
design_3,40,coil
design_3,41,coil
design_3,42,coil
design_3,43,coil
design_3,44,strand
design_3,45,strand
design_3,46,strand
design_3,47,strand
design_3,48,strand
design_3,49,strand
design_3,50,strand
design_3,51,strand
design_3,52,coil
design_3,53,coil
design_3,54,coil
design_3,55,helix
design_3,56,helix
design_3,57,helix
design_3,58,helix
design_3,59,helix
design_3,60,helix
design_3,61,helix
design_3,62,helix
design_3,63,helix
design_3,64,helix
design_3,65,helix
design_3,66,coil
design_3,67,coil
design_3,68,coil
design_3,69,strand
design_3,70,strand
design_3,71,strand
design_3,72,strand
design_3,73,strand
design_3,74,strand
design_3,75,strand
design_3,76,strand
design_3,77,coil
design_3,78,coil
design_3,79,coil
design_3,80,coil
design_30,1,coil
design_30,2,coil
design_30,3,strand
design_30,4,strand
design_30,5,strand
design_30,6,strand
design_30,7,strand
design_30,8,strand
design_30,9,strand
design_30,10,strand
design_30,11,coil
design_30,12,coil
design_30,13,coil
design_30,14,helix
design_30,15,helix
design_30,16,helix
design_30,17,helix
design_30,18,helix
design_30,19,helix
design_30,20,helix
design_30,21,helix
design_30,22,helix
design_30,23,helix
design_30,24,helix
design_30,25,helix
design_30,26,helix
design_30,27,coil
design_30,28,coil
design_30,29,coil
design_30,30,coil
design_30,31,strand
design_30,32,strand
design_30,33,strand
design_30,34,strand
design_30,35,strand
design_30,36,strand
design_30,37,strand
design_30,38,strand
design_30,39,strand
design_30,40,coil
design_30,41,coil
design_30,42,strand
design_30,43,strand
design_30,44,strand
design_30,45,strand
design_30,46,strand
design_30,47,strand
design_30,48,strand
design_30,49,strand
design_30,50,strand
design_30,51,coil
design_30,52,coil
design_30,53,coil
design_30,54,helix
design_30,55,helix
design_30,56,helix
design_30,57,helix
design_30,58,helix
design_30,59,helix
design_30,60,helix
design_30,61,helix
design_30,62,helix
design_30,63,helix
design_30,64,helix
design_30,65,coil
design_30,66,coil
design_30,67,coil
design_30,68,strand
design_30,69,strand
design_30,70,strand
design_30,71,strand
design_30,72,strand
design_30,73,strand
design_30,74,strand
design_30,75,strand
design_30,76,strand
design_30,77,coil
design_30,78,coil
design_30,79,coil
design_31,1,coil
design_31,2,coil
design_31,3,strand
design_31,4,strand
design_31,5,strand
design_31,6,strand
design_31,7,strand
design_31,8,strand
design_31,9,strand
design_31,10,strand
design_31,11,coil
design_31,12,coil
design_31,13,coil
design_31,14,helix
design_31,15,helix
design_31,16,helix
design_31,17,helix
design_31,18,helix
design_31,19,helix
design_31,20,helix
design_31,21,helix
design_31,22,helix
design_31,23,helix
design_31,24,helix
design_31,25,helix
design_31,26,helix
design_31,27,coil
design_31,28,coil
design_31,29,coil
design_31,30,coil
design_31,31,strand
design_31,32,strand
design_31,33,strand
design_31,34,strand
design_31,35,strand
design_31,36,strand
design_31,37,strand
design_31,38,coil
design_31,39,coil
design_31,40,coil
design_31,41,coil
design_31,42,coil
design_31,43,coil
design_31,44,coil
design_31,45,coil
design_31,46,strand
design_31,47,strand
design_31,48,strand
design_31,49,strand
design_31,50,strand
design_31,51,strand
design_31,52,strand
design_31,53,coil
design_31,54,coil
design_31,55,coil
design_31,56,helix
design_31,57,helix
design_31,58,helix
design_31,59,helix
design_31,60,helix
design_31,61,helix
design_31,62,helix
design_31,63,helix
design_31,64,helix
design_31,65,helix
design_31,66,helix
design_31,67,coil
design_31,68,coil
design_31,69,coil
design_31,70,strand
design_31,71,strand
design_31,72,strand
design_31,73,strand
design_31,74,strand
design_31,75,strand
design_31,76,strand
design_31,77,strand
design_31,78,coil
design_31,79,coil
design_31,80,coil
design_31,81,coil
design_32,1,coil
design_32,2,coil
design_32,3,strand
design_32,4,strand
design_32,5,strand
design_32,6,strand
design_32,7,strand
design_32,8,strand
design_32,9,strand
design_32,10,strand
design_32,11,coil
design_32,12,coil
design_32,13,coil
design_32,14,helix
design_32,15,helix
design_32,16,helix
design_32,17,helix
design_32,18,helix
design_32,19,helix
design_32,20,helix
design_32,21,helix
design_32,22,helix
design_32,23,helix
design_32,24,helix
design_32,25,helix
design_32,26,helix
design_32,27,coil
design_32,28,coil
design_32,29,coil
design_32,30,coil
design_32,31,strand
design_32,32,strand
design_32,33,strand
design_32,34,strand
design_32,35,strand
design_32,36,strand
design_32,37,coil
design_32,38,coil
design_32,39,coil
design_32,40,coil
design_32,41,coil
design_32,42,strand
design_32,43,strand
design_32,44,strand
design_32,45,strand
design_32,46,strand
design_32,47,strand
design_32,48,strand
design_32,49,coil
design_32,50,coil
design_32,51,coil
design_32,52,helix
design_32,53,helix
design_32,54,helix
design_32,55,helix
design_32,56,helix
design_32,57,helix
design_32,58,helix
design_32,59,helix
design_32,60,helix
design_32,61,helix
design_32,62,helix
design_32,63,coil
design_32,64,coil
design_32,65,coil
design_32,66,strand
design_32,67,strand
design_32,68,strand
design_32,69,strand
design_32,70,strand
design_32,71,strand
design_32,72,strand
design_32,73,strand
design_32,74,coil
design_32,75,coil
design_32,76,coil
design_32,77,coil
design_33,1,coil
design_33,2,coil
design_33,3,strand
design_33,4,strand
design_33,5,strand
design_33,6,strand
design_33,7,strand
design_33,8,strand
design_33,9,strand
design_33,10,strand
design_33,11,coil
design_33,12,coil
design_33,13,coil
design_33,14,helix
design_33,15,helix
design_33,16,helix
design_33,17,helix
design_33,18,helix
design_33,19,helix
design_33,20,helix
design_33,21,helix
design_33,22,helix
design_33,23,helix
design_33,24,helix
design_33,25,helix
design_33,26,helix
design_33,27,coil
design_33,28,coil
design_33,29,coil
design_33,30,coil
design_33,31,strand
design_33,32,strand
design_33,33,strand
design_33,34,strand
design_33,35,strand
design_33,36,strand
design_33,37,coil
design_33,38,coil
design_33,39,coil
design_33,40,coil
design_33,41,coil
design_33,42,coil
design_33,43,coil
design_33,44,coil
design_33,45,coil
design_33,46,strand
design_33,47,strand
design_33,48,strand
design_33,49,strand
design_33,50,strand
design_33,51,strand
design_33,52,strand
design_33,53,strand
design_33,54,coil
design_33,55,coil
design_33,56,coil
design_33,57,helix
design_33,58,helix
design_33,59,helix
design_33,60,helix
design_33,61,helix
design_33,62,helix
design_33,63,helix
design_33,64,helix
design_33,65,helix
design_33,66,helix
design_33,67,helix
design_33,68,coil
design_33,69,coil
design_33,70,coil
design_33,71,strand
design_33,72,strand
design_33,73,strand
design_33,74,strand
design_33,75,strand
design_33,76,strand
design_33,77,strand
design_33,78,strand
design_33,79,coil
design_33,80,coil
design_33,81,coil
design_33,82,coil
design_34,1,coil
design_34,2,coil
design_34,3,strand
design_34,4,strand
design_34,5,strand
design_34,6,strand
design_34,7,strand
design_34,8,strand
design_34,9,strand
design_34,10,strand
design_34,11,coil
design_34,12,coil
design_34,13,coil
design_34,14,helix
design_34,15,helix
design_34,16,helix
design_34,17,helix
design_34,18,helix
design_34,19,helix
design_34,20,helix
design_34,21,helix
design_34,22,helix
design_34,23,helix
design_34,24,helix
design_34,25,helix
design_34,26,helix
design_34,27,coil
design_34,28,coil
design_34,29,coil
design_34,30,coil
design_34,31,strand
design_34,32,strand
design_34,33,strand
design_34,34,strand
design_34,35,strand
design_34,36,strand
design_34,37,coil
design_34,38,coil
design_34,39,coil
design_34,40,coil
design_34,41,coil
design_34,42,coil
design_34,43,coil
design_34,44,strand
design_34,45,strand
design_34,46,strand
design_34,47,strand
design_34,48,strand
design_34,49,strand
design_34,50,strand
design_34,51,strand
design_34,52,coil
design_34,53,coil
design_34,54,coil
design_34,55,helix
design_34,56,helix
design_34,57,helix
design_34,58,helix
design_34,59,helix
design_34,60,helix
design_34,61,helix
design_34,62,helix
design_34,63,helix
design_34,64,helix
design_34,65,helix
design_34,66,coil
design_34,67,coil
design_34,68,coil
design_34,69,strand
design_34,70,strand
design_34,71,strand
design_34,72,strand
design_34,73,strand
design_34,74,strand
design_34,75,strand
design_34,76,strand
design_34,77,coil
design_34,78,coil
design_34,79,coil
design_34,80,coil
design_35,1,coil
design_35,2,coil
design_35,3,strand
design_35,4,strand
design_35,5,strand
design_35,6,strand
design_35,7,strand
design_35,8,strand
design_35,9,strand
design_35,10,strand
design_35,11,coil
design_35,12,coil
design_35,13,coil
design_35,14,helix
design_35,15,helix
design_35,16,helix
design_35,17,helix
design_35,18,helix
design_35,19,helix
design_35,20,helix
design_35,21,helix
design_35,22,helix
design_35,23,helix
design_35,24,helix
design_35,25,helix
design_35,26,helix
design_35,27,coil
design_35,28,coil
design_35,29,coil
design_35,30,coil
design_35,31,strand
design_35,32,strand
design_35,33,strand
design_35,34,strand
design_35,35,strand
design_35,36,strand
design_35,37,strand
design_35,38,coil
design_35,39,coil
design_35,40,coil
design_35,41,coil
design_35,42,strand
design_35,43,strand
design_35,44,strand
design_35,45,strand
design_35,46,strand
design_35,47,strand
design_35,48,strand
design_35,49,coil
design_35,50,coil
design_35,51,coil
design_35,52,helix
design_35,53,helix
design_35,54,helix
design_35,55,helix
design_35,56,helix
design_35,57,helix
design_35,58,helix
design_35,59,helix
design_35,60,helix
design_35,61,helix
design_35,62,helix
design_35,63,coil
design_35,64,coil
design_35,65,coil
design_35,66,strand
design_35,67,strand
design_35,68,strand
design_35,69,strand
design_35,70,strand
design_35,71,strand
design_35,72,strand
design_35,73,strand
design_35,74,coil
design_35,75,coil
design_35,76,coil
design_35,77,coil
design_36,1,coil
design_36,2,coil
design_36,3,strand
design_36,4,strand
design_36,5,strand
design_36,6,strand
design_36,7,strand
design_36,8,strand
design_36,9,strand
design_36,10,strand
design_36,11,coil
design_36,12,coil
design_36,13,coil
design_36,14,helix
design_36,15,helix
design_36,16,helix
design_36,17,helix
design_36,18,helix
design_36,19,helix
design_36,20,helix
design_36,21,helix
design_36,22,helix
design_36,23,helix
design_36,24,helix
design_36,25,helix
design_36,26,helix
design_36,27,coil
design_36,28,coil
design_36,29,coil
design_36,30,coil
design_36,31,strand
design_36,32,strand
design_36,33,strand
design_36,34,strand
design_36,35,strand
design_36,36,strand
design_36,37,strand
design_36,38,strand
design_36,39,coil
design_36,40,coil
design_36,41,coil
design_36,42,coil
design_36,43,coil
design_36,44,coil
design_36,45,strand
design_36,46,strand
design_36,47,strand
design_36,48,strand
design_36,49,strand
design_36,50,strand
design_36,51,strand
design_36,52,strand
design_36,53,coil
design_36,54,coil
design_36,55,coil
design_36,56,helix
design_36,57,helix
design_36,58,helix
design_36,59,helix
design_36,60,helix
design_36,61,helix
design_36,62,helix
design_36,63,helix
design_36,64,helix
design_36,65,helix
design_36,66,helix
design_36,67,coil
design_36,68,coil
design_36,69,coil
design_36,70,strand
design_36,71,strand
design_36,72,strand
design_36,73,strand
design_36,74,strand
design_36,75,strand
design_36,76,strand
design_36,77,strand
design_36,78,coil
design_36,79,coil
design_36,80,coil
design_36,81,coil
design_37,1,coil
design_37,2,coil
design_37,3,strand
design_37,4,strand
design_37,5,strand
design_37,6,strand
design_37,7,strand
design_37,8,strand
design_37,9,strand
design_37,10,strand
design_37,11,coil
design_37,12,coil
design_37,13,coil
design_37,14,helix
design_37,15,helix
design_37,16,helix
design_37,17,helix
design_37,18,helix
design_37,19,helix
design_37,20,helix
design_37,21,helix
design_37,22,helix
design_37,23,helix
design_37,24,helix
design_37,25,helix
design_37,26,helix
design_37,27,coil
design_37,28,coil
design_37,29,coil
design_37,30,coil
design_37,31,strand
design_37,32,strand
design_37,33,strand
design_37,34,strand
design_37,35,strand
design_37,36,strand
design_37,37,strand
design_37,38,strand
design_37,39,coil
design_37,40,coil
design_37,41,coil
design_37,42,strand
design_37,43,strand
design_37,44,strand
design_37,45,strand
design_37,46,strand
design_37,47,strand
design_37,48,strand
design_37,49,strand
design_37,50,coil
design_37,51,coil
design_37,52,coil
design_37,53,helix
design_37,54,helix
design_37,55,helix
design_37,56,helix
design_37,57,helix
design_37,58,helix
design_37,59,helix
design_37,60,helix
design_37,61,helix
design_37,62,helix
design_37,63,helix
design_37,64,coil
design_37,65,coil
design_37,66,coil
design_37,67,strand
design_37,68,strand
design_37,69,strand
design_37,70,strand
design_37,71,strand
design_37,72,strand
design_37,73,strand
design_37,74,strand
design_37,75,coil
design_37,76,coil
design_37,77,coil
design_37,78,coil
design_38,1,coil
design_38,2,coil
design_38,3,strand
design_38,4,strand
design_38,5,strand
design_38,6,strand
design_38,7,strand
design_38,8,strand
design_38,9,strand
design_38,10,strand
design_38,11,coil
design_38,12,coil
design_38,13,coil
design_38,14,helix
design_38,15,helix
design_38,16,helix
design_38,17,helix
design_38,18,helix
design_38,19,helix
design_38,20,helix
design_38,21,helix
design_38,22,helix
design_38,23,helix
design_38,24,helix
design_38,25,helix
design_38,26,helix
design_38,27,coil
design_38,28,coil
design_38,29,coil
design_38,30,coil
design_38,31,strand
design_38,32,strand
design_38,33,strand
design_38,34,strand
design_38,35,strand
design_38,36,strand
design_38,37,strand
design_38,38,strand
design_38,39,strand
design_38,40,coil
design_38,41,strand
design_38,42,strand
design_38,43,strand
design_38,44,strand
design_38,45,strand
design_38,46,strand
design_38,47,strand
design_38,48,strand
design_38,49,strand
design_38,50,coil
design_38,51,coil
design_38,52,coil
design_38,53,helix
design_38,54,helix
design_38,55,helix
design_38,56,helix
design_38,57,helix
design_38,58,helix
design_38,59,helix
design_38,60,helix
design_38,61,helix
design_38,62,helix
design_38,63,helix
design_38,64,coil
design_38,65,coil
design_38,66,coil
design_38,67,strand
design_38,68,strand
design_38,69,strand
design_38,70,strand
design_38,71,strand
design_38,72,strand
design_38,73,strand
design_38,74,strand
design_38,75,coil
design_38,76,coil
design_38,77,coil
design_38,78,coil
design_39,1,coil
design_39,2,coil
design_39,3,strand
design_39,4,strand
design_39,5,strand
design_39,6,strand
design_39,7,strand
design_39,8,strand
design_39,9,strand
design_39,10,strand
design_39,11,coil
design_39,12,coil
design_39,13,coil
design_39,14,helix
design_39,15,helix
design_39,16,helix
design_39,17,helix
design_39,18,helix
design_39,19,helix
design_39,20,helix
design_39,21,helix
design_39,22,helix
design_39,23,helix
design_39,24,helix
design_39,25,helix
design_39,26,helix
design_39,27,coil
design_39,28,coil
design_39,29,coil
design_39,30,coil
design_39,31,strand
design_39,32,strand
design_39,33,strand
design_39,34,strand
design_39,35,strand
design_39,36,strand
design_39,37,coil
design_39,38,coil
design_39,39,coil
design_39,40,coil
design_39,41,coil
design_39,42,coil
design_39,43,coil
design_39,44,coil
design_39,45,strand
design_39,46,strand
design_39,47,strand
design_39,48,strand
design_39,49,strand
design_39,50,strand
design_39,51,strand
design_39,52,strand
design_39,53,coil
design_39,54,coil
design_39,55,coil
design_39,56,helix
design_39,57,helix
design_39,58,helix
design_39,59,helix
design_39,60,helix
design_39,61,helix
design_39,62,helix
design_39,63,helix
design_39,64,helix
design_39,65,helix
design_39,66,helix
design_39,67,coil
design_39,68,coil
design_39,69,coil
design_39,70,strand
design_39,71,strand
design_39,72,strand
design_39,73,strand
design_39,74,strand
design_39,75,strand
design_39,76,strand
design_39,77,strand
design_39,78,coil
design_39,79,coil
design_39,80,coil
design_39,81,coil
design_4,1,coil
design_4,2,coil
design_4,3,strand
design_4,4,strand
design_4,5,strand
design_4,6,strand
design_4,7,strand
design_4,8,strand
design_4,9,strand
design_4,10,strand
design_4,11,coil
design_4,12,coil
design_4,13,coil
design_4,14,helix
design_4,15,helix
design_4,16,helix
design_4,17,helix
design_4,18,helix
design_4,19,helix
design_4,20,helix
design_4,21,helix
design_4,22,helix
design_4,23,helix
design_4,24,helix
design_4,25,helix
design_4,26,helix
design_4,27,coil
design_4,28,coil
design_4,29,coil
design_4,30,coil
design_4,31,strand
design_4,32,strand
design_4,33,strand
design_4,34,strand
design_4,35,strand
design_4,36,strand
design_4,37,strand
design_4,38,strand
design_4,39,strand
design_4,40,coil
design_4,41,coil
design_4,42,strand
design_4,43,strand
design_4,44,strand
design_4,45,strand
design_4,46,strand
design_4,47,strand
design_4,48,strand
design_4,49,strand
design_4,50,strand
design_4,51,coil
design_4,52,coil
design_4,53,coil
design_4,54,helix
design_4,55,helix
design_4,56,helix
design_4,57,helix
design_4,58,helix
design_4,59,helix
design_4,60,helix
design_4,61,helix
design_4,62,helix
design_4,63,helix
design_4,64,helix
design_4,65,coil
design_4,66,coil
design_4,67,coil
design_4,68,strand
design_4,69,strand
design_4,70,strand
design_4,71,strand
design_4,72,strand
design_4,73,strand
design_4,74,strand
design_4,75,strand
design_4,76,coil
design_4,77,coil
design_4,78,coil
design_4,79,coil
design_40,1,coil
design_40,2,coil
design_40,3,strand
design_40,4,strand
design_40,5,strand
design_40,6,strand
design_40,7,strand
design_40,8,strand
design_40,9,strand
design_40,10,strand
design_40,11,coil
design_40,12,coil
design_40,13,coil
design_40,14,helix
design_40,15,helix
design_40,16,helix
design_40,17,helix
design_40,18,helix
design_40,19,helix
design_40,20,helix
design_40,21,helix
design_40,22,helix
design_40,23,helix
design_40,24,helix
design_40,25,helix
design_40,26,helix
design_40,27,coil
design_40,28,coil
design_40,29,coil
design_40,30,coil
design_40,31,strand
design_40,32,strand
design_40,33,strand
design_40,34,strand
design_40,35,strand
design_40,36,strand
design_40,37,strand
design_40,38,strand
design_40,39,coil
design_40,40,coil
design_40,41,coil
design_40,42,coil
design_40,43,coil
design_40,44,strand
design_40,45,strand
design_40,46,strand
design_40,47,strand
design_40,48,strand
design_40,49,strand
design_40,50,strand
design_40,51,strand
design_40,52,coil
design_40,53,coil
design_40,54,coil
design_40,55,helix
design_40,56,helix
design_40,57,helix
design_40,58,helix
design_40,59,helix
design_40,60,helix
design_40,61,helix
design_40,62,helix
design_40,63,helix
design_40,64,helix
design_40,65,helix
design_40,66,coil
design_40,67,coil
design_40,68,coil
design_40,69,strand
design_40,70,strand
design_40,71,strand
design_40,72,strand
design_40,73,strand
design_40,74,strand
design_40,75,strand
design_40,76,strand
design_40,77,strand
design_40,78,coil
design_40,79,coil
design_40,80,coil
design_41,1,coil
design_41,2,coil
design_41,3,strand
design_41,4,strand
design_41,5,strand
design_41,6,strand
design_41,7,strand
design_41,8,strand
design_41,9,strand
design_41,10,strand
design_41,11,strand
design_41,12,coil
design_41,13,coil
design_41,14,helix
design_41,15,helix
design_41,16,helix
design_41,17,helix
design_41,18,helix
design_41,19,helix
design_41,20,helix
design_41,21,helix
design_41,22,helix
design_41,23,helix
design_41,24,helix
design_41,25,helix
design_41,26,helix
design_41,27,coil
design_41,28,coil
design_41,29,coil
design_41,30,coil
design_41,31,strand
design_41,32,strand
design_41,33,strand
design_41,34,strand
design_41,35,strand
design_41,36,strand
design_41,37,strand
design_41,38,strand
design_41,39,coil
design_41,40,coil
design_41,41,coil
design_41,42,coil
design_41,43,coil
design_41,44,coil
design_41,45,strand
design_41,46,strand
design_41,47,strand
design_41,48,strand
design_41,49,strand
design_41,50,strand
design_41,51,strand
design_41,52,strand
design_41,53,strand
design_41,54,coil
design_41,55,coil
design_41,56,coil
design_41,57,helix
design_41,58,helix
design_41,59,helix
design_41,60,helix
design_41,61,helix
design_41,62,helix
design_41,63,helix
design_41,64,helix
design_41,65,helix
design_41,66,helix
design_41,67,helix
design_41,68,coil
design_41,69,coil
design_41,70,coil
design_41,71,strand
design_41,72,strand
design_41,73,strand
design_41,74,strand
design_41,75,strand
design_41,76,strand
design_41,77,strand
design_41,78,strand
design_41,79,coil
design_41,80,coil
design_41,81,coil
design_41,82,coil
design_42,1,coil
design_42,2,coil
design_42,3,strand
design_42,4,strand
design_42,5,strand
design_42,6,strand
design_42,7,strand
design_42,8,strand
design_42,9,strand
design_42,10,strand
design_42,11,coil
design_42,12,coil
design_42,13,coil
design_42,14,helix
design_42,15,helix
design_42,16,helix
design_42,17,helix
design_42,18,helix
design_42,19,helix
design_42,20,helix
design_42,21,helix
design_42,22,helix
design_42,23,helix
design_42,24,helix
design_42,25,helix
design_42,26,helix
design_42,27,coil
design_42,28,coil
design_42,29,coil
design_42,30,coil
design_42,31,strand
design_42,32,strand
design_42,33,strand
design_42,34,strand
design_42,35,strand
design_42,36,strand
design_42,37,strand
design_42,38,strand
design_42,39,strand
design_42,40,strand
design_42,41,coil
design_42,42,coil
design_42,43,coil
design_42,44,coil
design_42,45,coil
design_42,46,coil
design_42,47,strand
design_42,48,strand
design_42,49,strand
design_42,50,strand
design_42,51,strand
design_42,52,strand
design_42,53,strand
design_42,54,strand
design_42,55,strand
design_42,56,strand
design_42,57,coil
design_42,58,coil
design_42,59,coil
design_42,60,helix
design_42,61,helix
design_42,62,helix
design_42,63,helix
design_42,64,helix
design_42,65,helix
design_42,66,helix
design_42,67,helix
design_42,68,helix
design_42,69,helix
design_42,70,helix
design_42,71,coil
design_42,72,coil
design_42,73,coil
design_42,74,strand
design_42,75,strand
design_42,76,strand
design_42,77,strand
design_42,78,strand
design_42,79,strand
design_42,80,strand
design_42,81,strand
design_42,82,coil
design_42,83,coil
design_42,84,coil
design_42,85,coil
design_43,1,coil
design_43,2,coil
design_43,3,strand
design_43,4,strand
design_43,5,strand
design_43,6,strand
design_43,7,strand
design_43,8,strand
design_43,9,strand
design_43,10,strand
design_43,11,coil
design_43,12,coil
design_43,13,coil
design_43,14,helix
design_43,15,helix
design_43,16,helix
design_43,17,helix
design_43,18,helix
design_43,19,helix
design_43,20,helix
design_43,21,helix
design_43,22,helix
design_43,23,helix
design_43,24,helix
design_43,25,helix
design_43,26,helix
design_43,27,coil
design_43,28,coil
design_43,29,coil
design_43,30,coil
design_43,31,strand
design_43,32,strand
design_43,33,strand
design_43,34,strand
design_43,35,strand
design_43,36,strand
design_43,37,coil
design_43,38,coil
design_43,39,coil
design_43,40,coil
design_43,41,coil
design_43,42,strand
design_43,43,strand
design_43,44,strand
design_43,45,strand
design_43,46,strand
design_43,47,strand
design_43,48,strand
design_43,49,coil
design_43,50,coil
design_43,51,coil
design_43,52,helix
design_43,53,helix
design_43,54,helix
design_43,55,helix
design_43,56,helix
design_43,57,helix
design_43,58,helix
design_43,59,helix
design_43,60,helix
design_43,61,helix
design_43,62,helix
design_43,63,coil
design_43,64,coil
design_43,65,coil
design_43,66,strand
design_43,67,strand
design_43,68,strand
design_43,69,strand
design_43,70,strand
design_43,71,strand
design_43,72,strand
design_43,73,strand
design_43,74,coil
design_43,75,coil
design_43,76,coil
design_43,77,coil
design_44,1,coil
design_44,2,coil
design_44,3,strand
design_44,4,strand
design_44,5,strand
design_44,6,strand
design_44,7,strand
design_44,8,strand
design_44,9,strand
design_44,10,strand
design_44,11,coil
design_44,12,coil
design_44,13,coil
design_44,14,helix
design_44,15,helix
design_44,16,helix
design_44,17,helix
design_44,18,helix
design_44,19,helix
design_44,20,helix
design_44,21,helix
design_44,22,helix
design_44,23,helix
design_44,24,helix
design_44,25,helix
design_44,26,helix
design_44,27,coil
design_44,28,coil
design_44,29,coil
design_44,30,coil
design_44,31,strand
design_44,32,strand
design_44,33,strand
design_44,34,strand
design_44,35,strand
design_44,36,strand
design_44,37,strand
design_44,38,strand
design_44,39,coil
design_44,40,coil
design_44,41,coil
design_44,42,coil
design_44,43,coil
design_44,44,coil
design_44,45,strand
design_44,46,strand
design_44,47,strand
design_44,48,strand
design_44,49,strand
design_44,50,strand
design_44,51,strand
design_44,52,strand
design_44,53,coil
design_44,54,coil
design_44,55,coil
design_44,56,helix
design_44,57,helix
design_44,58,helix
design_44,59,helix
design_44,60,helix
design_44,61,helix
design_44,62,helix
design_44,63,helix
design_44,64,helix
design_44,65,helix
design_44,66,helix
design_44,67,coil
design_44,68,coil
design_44,69,coil
design_44,70,strand
design_44,71,strand
design_44,72,strand
design_44,73,strand
design_44,74,strand
design_44,75,strand
design_44,76,strand
design_44,77,strand
design_44,78,coil
design_44,79,coil
design_44,80,coil
design_44,81,coil
design_45,1,coil
design_45,2,coil
design_45,3,strand
design_45,4,strand
design_45,5,strand
design_45,6,strand
design_45,7,strand
design_45,8,strand
design_45,9,strand
design_45,10,strand
design_45,11,coil
design_45,12,coil
design_45,13,coil
design_45,14,helix
design_45,15,helix
design_45,16,helix
design_45,17,helix
design_45,18,helix
design_45,19,helix
design_45,20,helix
design_45,21,helix
design_45,22,helix
design_45,23,helix
design_45,24,helix
design_45,25,helix
design_45,26,helix
design_45,27,coil
design_45,28,coil
design_45,29,coil
design_45,30,coil
design_45,31,strand
design_45,32,strand
design_45,33,strand
design_45,34,strand
design_45,35,strand
design_45,36,strand
design_45,37,coil
design_45,38,coil
design_45,39,coil
design_45,40,coil
design_45,41,coil
design_45,42,coil
design_45,43,coil
design_45,44,coil
design_45,45,strand
design_45,46,strand
design_45,47,strand
design_45,48,strand
design_45,49,strand
design_45,50,strand
design_45,51,strand
design_45,52,strand
design_45,53,coil
design_45,54,coil
design_45,55,coil
design_45,56,helix
design_45,57,helix
design_45,58,helix
design_45,59,helix
design_45,60,helix
design_45,61,helix
design_45,62,helix
design_45,63,helix
design_45,64,helix
design_45,65,helix
design_45,66,helix
design_45,67,coil
design_45,68,coil
design_45,69,coil
design_45,70,strand
design_45,71,strand
design_45,72,strand
design_45,73,strand
design_45,74,strand
design_45,75,strand
design_45,76,strand
design_45,77,strand
design_45,78,coil
design_45,79,coil
design_45,80,coil
design_45,81,coil
design_46,1,coil
design_46,2,coil
design_46,3,strand
design_46,4,strand
design_46,5,strand
design_46,6,strand
design_46,7,strand
design_46,8,strand
design_46,9,strand
design_46,10,strand
design_46,11,coil
design_46,12,coil
design_46,13,coil
design_46,14,helix
design_46,15,helix
design_46,16,helix
design_46,17,helix
design_46,18,helix
design_46,19,helix
design_46,20,helix
design_46,21,helix
design_46,22,helix
design_46,23,helix
design_46,24,helix
design_46,25,helix
design_46,26,helix
design_46,27,coil
design_46,28,coil
design_46,29,coil
design_46,30,coil
design_46,31,strand
design_46,32,strand
design_46,33,strand
design_46,34,strand
design_46,35,strand
design_46,36,strand
design_46,37,strand
design_46,38,strand
design_46,39,coil
design_46,40,coil
design_46,41,coil
design_46,42,coil
design_46,43,coil
design_46,44,strand
design_46,45,strand
design_46,46,strand
design_46,47,strand
design_46,48,strand
design_46,49,strand
design_46,50,strand
design_46,51,strand
design_46,52,coil
design_46,53,coil
design_46,54,coil
design_46,55,helix
design_46,56,helix
design_46,57,helix
design_46,58,helix
design_46,59,helix
design_46,60,helix
design_46,61,helix
design_46,62,helix
design_46,63,helix
design_46,64,helix
design_46,65,helix
design_46,66,coil
design_46,67,coil
design_46,68,coil
design_46,69,strand
design_46,70,strand
design_46,71,strand
design_46,72,strand
design_46,73,strand
design_46,74,strand
design_46,75,strand
design_46,76,strand
design_46,77,coil
design_46,78,coil
design_46,79,coil
design_46,80,coil
design_47,1,coil
design_47,2,coil
design_47,3,strand
design_47,4,strand
design_47,5,strand
design_47,6,strand
design_47,7,strand
design_47,8,strand
design_47,9,strand
design_47,10,strand
design_47,11,coil
design_47,12,coil
design_47,13,coil
design_47,14,helix
design_47,15,helix
design_47,16,helix
design_47,17,helix
design_47,18,helix
design_47,19,helix
design_47,20,helix
design_47,21,helix
design_47,22,helix
design_47,23,helix
design_47,24,helix
design_47,25,helix
design_47,26,helix
design_47,27,coil
design_47,28,coil
design_47,29,coil
design_47,30,coil
design_47,31,strand
design_47,32,strand
design_47,33,strand
design_47,34,strand
design_47,35,strand
design_47,36,strand
design_47,37,strand
design_47,38,strand
design_47,39,coil
design_47,40,coil
design_47,41,coil
design_47,42,coil
design_47,43,coil
design_47,44,coil
design_47,45,strand
design_47,46,strand
design_47,47,strand
design_47,48,strand
design_47,49,strand
design_47,50,strand
design_47,51,strand
design_47,52,strand
design_47,53,coil
design_47,54,coil
design_47,55,coil
design_47,56,helix
design_47,57,helix
design_47,58,helix
design_47,59,helix
design_47,60,helix
design_47,61,helix
design_47,62,helix
design_47,63,helix
design_47,64,helix
design_47,65,helix
design_47,66,helix
design_47,67,coil
design_47,68,coil
design_47,69,coil
design_47,70,strand
design_47,71,strand
design_47,72,strand
design_47,73,strand
design_47,74,strand
design_47,75,strand
design_47,76,strand
design_47,77,strand
design_47,78,strand
design_47,79,coil
design_47,80,coil
design_47,81,coil
design_48,1,coil
design_48,2,coil
design_48,3,strand
design_48,4,strand
design_48,5,strand
design_48,6,strand
design_48,7,strand
design_48,8,strand
design_48,9,strand
design_48,10,strand
design_48,11,coil
design_48,12,coil
design_48,13,coil
design_48,14,helix
design_48,15,helix
design_48,16,helix
design_48,17,helix
design_48,18,helix
design_48,19,helix
design_48,20,helix
design_48,21,helix
design_48,22,helix
design_48,23,helix
design_48,24,helix
design_48,25,helix
design_48,26,helix
design_48,27,coil
design_48,28,coil
design_48,29,coil
design_48,30,coil
design_48,31,strand
design_48,32,strand
design_48,33,strand
design_48,34,strand
design_48,35,strand
design_48,36,strand
design_48,37,strand
design_48,38,strand
design_48,39,strand
design_48,40,coil
design_48,41,coil
design_48,42,coil
design_48,43,coil
design_48,44,coil
design_48,45,coil
design_48,46,coil
design_48,47,coil
design_48,48,strand
design_48,49,strand
design_48,50,strand
design_48,51,strand
design_48,52,strand
design_48,53,strand
design_48,54,strand
design_48,55,strand
design_48,56,strand
design_48,57,coil
design_48,58,coil
design_48,59,coil
design_48,60,helix
design_48,61,helix
design_48,62,helix
design_48,63,helix
design_48,64,helix
design_48,65,helix
design_48,66,helix
design_48,67,helix
design_48,68,helix
design_48,69,helix
design_48,70,helix
design_48,71,coil
design_48,72,coil
design_48,73,coil
design_48,74,strand
design_48,75,strand
design_48,76,strand
design_48,77,strand
design_48,78,strand
design_48,79,strand
design_48,80,strand
design_48,81,strand
design_48,82,coil
design_48,83,coil
design_48,84,coil
design_48,85,coil
design_49,1,coil
design_49,2,coil
design_49,3,strand
design_49,4,strand
design_49,5,strand
design_49,6,strand
design_49,7,strand
design_49,8,strand
design_49,9,strand
design_49,10,strand
design_49,11,coil
design_49,12,coil
design_49,13,coil
design_49,14,helix
design_49,15,helix
design_49,16,helix
design_49,17,helix
design_49,18,helix
design_49,19,helix
design_49,20,helix
design_49,21,helix
design_49,22,helix
design_49,23,helix
design_49,24,helix
design_49,25,helix
design_49,26,helix
design_49,27,coil
design_49,28,coil
design_49,29,coil
design_49,30,coil
design_49,31,strand
design_49,32,strand
design_49,33,strand
design_49,34,strand
design_49,35,strand
design_49,36,strand
design_49,37,strand
design_49,38,strand
design_49,39,coil
design_49,40,coil
design_49,41,coil
design_49,42,coil
design_49,43,strand
design_49,44,strand
design_49,45,strand
design_49,46,strand
design_49,47,strand
design_49,48,strand
design_49,49,strand
design_49,50,strand
design_49,51,coil
design_49,52,coil
design_49,53,coil
design_49,54,helix
design_49,55,helix
design_49,56,helix
design_49,57,helix
design_49,58,helix
design_49,59,helix
design_49,60,helix
design_49,61,helix
design_49,62,helix
design_49,63,helix
design_49,64,helix
design_49,65,coil
design_49,66,coil
design_49,67,coil
design_49,68,strand
design_49,69,strand
design_49,70,strand
design_49,71,strand
design_49,72,strand
design_49,73,strand
design_49,74,strand
design_49,75,strand
design_49,76,strand
design_49,77,coil
design_49,78,coil
design_49,79,coil
design_5,1,coil
design_5,2,coil
design_5,3,strand
design_5,4,strand
design_5,5,strand
design_5,6,strand
design_5,7,strand
design_5,8,strand
design_5,9,strand
design_5,10,strand
design_5,11,coil
design_5,12,coil
design_5,13,coil
design_5,14,helix
design_5,15,helix
design_5,16,helix
design_5,17,helix
design_5,18,helix
design_5,19,helix
design_5,20,helix
design_5,21,helix
design_5,22,helix
design_5,23,helix
design_5,24,helix
design_5,25,helix
design_5,26,helix
design_5,27,coil
design_5,28,coil
design_5,29,coil
design_5,30,coil
design_5,31,strand
design_5,32,strand
design_5,33,strand
design_5,34,strand
design_5,35,strand
design_5,36,strand
design_5,37,strand
design_5,38,strand
design_5,39,strand
design_5,40,coil
design_5,41,coil
design_5,42,strand
design_5,43,strand
design_5,44,strand
design_5,45,strand
design_5,46,strand
design_5,47,strand
design_5,48,strand
design_5,49,strand
design_5,50,strand
design_5,51,coil
design_5,52,coil
design_5,53,coil
design_5,54,helix
design_5,55,helix
design_5,56,helix
design_5,57,helix
design_5,58,helix
design_5,59,helix
design_5,60,helix
design_5,61,helix
design_5,62,helix
design_5,63,helix
design_5,64,helix
design_5,65,coil
design_5,66,coil
design_5,67,coil
design_5,68,strand
design_5,69,strand
design_5,70,strand
design_5,71,strand
design_5,72,strand
design_5,73,strand
design_5,74,strand
design_5,75,strand
design_5,76,coil
design_5,77,coil
design_5,78,coil
design_5,79,coil
design_50,1,coil
design_50,2,coil
design_50,3,strand
design_50,4,strand
design_50,5,strand
design_50,6,strand
design_50,7,strand
design_50,8,strand
design_50,9,strand
design_50,10,strand
design_50,11,coil
design_50,12,coil
design_50,13,coil
design_50,14,helix
design_50,15,helix
design_50,16,helix
design_50,17,helix
design_50,18,helix
design_50,19,helix
design_50,20,helix
design_50,21,helix
design_50,22,helix
design_50,23,helix
design_50,24,helix
design_50,25,helix
design_50,26,helix
design_50,27,coil
design_50,28,coil
design_50,29,coil
design_50,30,coil
design_50,31,strand
design_50,32,strand
design_50,33,strand
design_50,34,strand
design_50,35,strand
design_50,36,strand
design_50,37,strand
design_50,38,coil
design_50,39,coil
design_50,40,strand
design_50,41,strand
design_50,42,strand
design_50,43,strand
design_50,44,strand
design_50,45,strand
design_50,46,strand
design_50,47,coil
design_50,48,coil
design_50,49,coil
design_50,50,helix
design_50,51,helix
design_50,52,helix
design_50,53,helix
design_50,54,helix
design_50,55,helix
design_50,56,helix
design_50,57,helix
design_50,58,helix
design_50,59,helix
design_50,60,helix
design_50,61,coil
design_50,62,coil
design_50,63,coil
design_50,64,strand
design_50,65,strand
design_50,66,strand
design_50,67,strand
design_50,68,strand
design_50,69,strand
design_50,70,strand
design_50,71,strand
design_50,72,coil
design_50,73,coil
design_50,74,coil
design_50,75,coil
design_51,1,coil
design_51,2,coil
design_51,3,strand
design_51,4,strand
design_51,5,strand
design_51,6,strand
design_51,7,strand
design_51,8,strand
design_51,9,strand
design_51,10,strand
design_51,11,coil
design_51,12,coil
design_51,13,coil
design_51,14,helix
design_51,15,helix
design_51,16,helix
design_51,17,helix
design_51,18,helix
design_51,19,helix
design_51,20,helix
design_51,21,helix
design_51,22,helix
design_51,23,helix
design_51,24,helix
design_51,25,helix
design_51,26,helix
design_51,27,coil
design_51,28,coil
design_51,29,coil
design_51,30,coil
design_51,31,strand
design_51,32,strand
design_51,33,strand
design_51,34,strand
design_51,35,strand
design_51,36,strand
design_51,37,strand
design_51,38,coil
design_51,39,coil
design_51,40,coil
design_51,41,coil
design_51,42,strand
design_51,43,strand
design_51,44,strand
design_51,45,strand
design_51,46,strand
design_51,47,strand
design_51,48,strand
design_51,49,coil
design_51,50,coil
design_51,51,coil
design_51,52,helix
design_51,53,helix
design_51,54,helix
design_51,55,helix
design_51,56,helix
design_51,57,helix
design_51,58,helix
design_51,59,helix
design_51,60,helix
design_51,61,helix
design_51,62,helix
design_51,63,coil
design_51,64,coil
design_51,65,coil
design_51,66,strand
design_51,67,strand
design_51,68,strand
design_51,69,strand
design_51,70,strand
design_51,71,strand
design_51,72,strand
design_51,73,strand
design_51,74,coil
design_51,75,coil
design_51,76,coil
design_51,77,coil
design_52,1,coil
design_52,2,coil
design_52,3,strand
design_52,4,strand
design_52,5,strand
design_52,6,strand
design_52,7,strand
design_52,8,strand
design_52,9,strand
design_52,10,strand
design_52,11,coil
design_52,12,coil
design_52,13,coil
design_52,14,helix
design_52,15,helix
design_52,16,helix
design_52,17,helix
design_52,18,helix
design_52,19,helix
design_52,20,helix
design_52,21,helix
design_52,22,helix
design_52,23,helix
design_52,24,helix
design_52,25,helix
design_52,26,helix
design_52,27,coil
design_52,28,coil
design_52,29,coil
design_52,30,coil
design_52,31,strand
design_52,32,strand
design_52,33,strand
design_52,34,strand
design_52,35,strand
design_52,36,strand
design_52,37,strand
design_52,38,coil
design_52,39,coil
design_52,40,coil
design_52,41,coil
design_52,42,strand
design_52,43,strand
design_52,44,strand
design_52,45,strand
design_52,46,strand
design_52,47,strand
design_52,48,strand
design_52,49,coil
design_52,50,coil
design_52,51,coil
design_52,52,helix
design_52,53,helix
design_52,54,helix
design_52,55,helix
design_52,56,helix
design_52,57,helix
design_52,58,helix
design_52,59,helix
design_52,60,helix
design_52,61,helix
design_52,62,helix
design_52,63,coil
design_52,64,coil
design_52,65,coil
design_52,66,strand
design_52,67,strand
design_52,68,strand
design_52,69,strand
design_52,70,strand
design_52,71,strand
design_52,72,strand
design_52,73,strand
design_52,74,coil
design_52,75,coil
design_52,76,coil
design_52,77,coil
design_53,1,coil
design_53,2,coil
design_53,3,strand
design_53,4,strand
design_53,5,strand
design_53,6,strand
design_53,7,strand
design_53,8,strand
design_53,9,strand
design_53,10,strand
design_53,11,coil
design_53,12,coil
design_53,13,coil
design_53,14,helix
design_53,15,helix
design_53,16,helix
design_53,17,helix
design_53,18,helix
design_53,19,helix
design_53,20,helix
design_53,21,helix
design_53,22,helix
design_53,23,helix
design_53,24,helix
design_53,25,helix
design_53,26,helix
design_53,27,coil
design_53,28,coil
design_53,29,coil
design_53,30,coil
design_53,31,strand
design_53,32,strand
design_53,33,strand
design_53,34,strand
design_53,35,strand
design_53,36,strand
design_53,37,strand
design_53,38,strand
design_53,39,strand
design_53,40,coil
design_53,41,coil
design_53,42,coil
design_53,43,coil
design_53,44,coil
design_53,45,coil
design_53,46,coil
design_53,47,coil
design_53,48,strand
design_53,49,strand
design_53,50,strand
design_53,51,strand
design_53,52,strand
design_53,53,strand
design_53,54,strand
design_53,55,strand
design_53,56,strand
design_53,57,coil
design_53,58,coil
design_53,59,coil
design_53,60,helix
design_53,61,helix
design_53,62,helix
design_53,63,helix
design_53,64,helix
design_53,65,helix
design_53,66,helix
design_53,67,helix
design_53,68,helix
design_53,69,helix
design_53,70,helix
design_53,71,coil
design_53,72,coil
design_53,73,coil
design_53,74,strand
design_53,75,strand
design_53,76,strand
design_53,77,strand
design_53,78,strand
design_53,79,strand
design_53,80,strand
design_53,81,strand
design_53,82,coil
design_53,83,coil
design_53,84,coil
design_53,85,coil
design_54,1,coil
design_54,2,coil
design_54,3,strand
design_54,4,strand
design_54,5,strand
design_54,6,strand
design_54,7,strand
design_54,8,strand
design_54,9,strand
design_54,10,strand
design_54,11,coil
design_54,12,coil
design_54,13,coil
design_54,14,helix
design_54,15,helix
design_54,16,helix
design_54,17,helix
design_54,18,helix
design_54,19,helix
design_54,20,helix
design_54,21,helix
design_54,22,helix
design_54,23,helix
design_54,24,helix
design_54,25,helix
design_54,26,helix
design_54,27,coil
design_54,28,coil
design_54,29,coil
design_54,30,coil
design_54,31,strand
design_54,32,strand
design_54,33,strand
design_54,34,strand
design_54,35,strand
design_54,36,strand
design_54,37,strand
design_54,38,strand
design_54,39,strand
design_54,40,coil
design_54,41,coil
design_54,42,coil
design_54,43,coil
design_54,44,coil
design_54,45,coil
design_54,46,strand
design_54,47,strand
design_54,48,strand
design_54,49,strand
design_54,50,strand
design_54,51,strand
design_54,52,strand
design_54,53,strand
design_54,54,strand
design_54,55,coil
design_54,56,coil
design_54,57,coil
design_54,58,helix
design_54,59,helix
design_54,60,helix
design_54,61,helix
design_54,62,helix
design_54,63,helix
design_54,64,helix
design_54,65,helix
design_54,66,helix
design_54,67,helix
design_54,68,helix
design_54,69,coil
design_54,70,coil
design_54,71,coil
design_54,72,strand
design_54,73,strand
design_54,74,strand
design_54,75,strand
design_54,76,strand
design_54,77,strand
design_54,78,strand
design_54,79,strand
design_54,80,coil
design_54,81,coil
design_54,82,coil
design_54,83,coil
design_55,1,coil
design_55,2,coil
design_55,3,strand
design_55,4,strand
design_55,5,strand
design_55,6,strand
design_55,7,strand
design_55,8,strand
design_55,9,strand
design_55,10,strand
design_55,11,coil
design_55,12,coil
design_55,13,coil
design_55,14,helix
design_55,15,helix
design_55,16,helix
design_55,17,helix
design_55,18,helix
design_55,19,helix
design_55,20,helix
design_55,21,helix
design_55,22,helix
design_55,23,helix
design_55,24,helix
design_55,25,helix
design_55,26,helix
design_55,27,coil
design_55,28,coil
design_55,29,coil
design_55,30,coil
design_55,31,strand
design_55,32,strand
design_55,33,strand
design_55,34,strand
design_55,35,strand
design_55,36,strand
design_55,37,strand
design_55,38,strand
design_55,39,coil
design_55,40,coil
design_55,41,coil
design_55,42,coil
design_55,43,coil
design_55,44,strand
design_55,45,strand
design_55,46,strand
design_55,47,strand
design_55,48,strand
design_55,49,strand
design_55,50,strand
design_55,51,strand
design_55,52,coil
design_55,53,coil
design_55,54,coil
design_55,55,helix
design_55,56,helix
design_55,57,helix
design_55,58,helix
design_55,59,helix
design_55,60,helix
design_55,61,helix
design_55,62,helix
design_55,63,helix
design_55,64,helix
design_55,65,helix
design_55,66,coil
design_55,67,coil
design_55,68,coil
design_55,69,strand
design_55,70,strand
design_55,71,strand
design_55,72,strand
design_55,73,strand
design_55,74,strand
design_55,75,strand
design_55,76,strand
design_55,77,strand
design_55,78,coil
design_55,79,coil
design_55,80,coil
design_56,1,coil
design_56,2,coil
design_56,3,strand
design_56,4,strand
design_56,5,strand
design_56,6,strand
design_56,7,strand
design_56,8,strand
design_56,9,strand
design_56,10,strand
design_56,11,coil
design_56,12,coil
design_56,13,coil
design_56,14,helix
design_56,15,helix
design_56,16,helix
design_56,17,helix
design_56,18,helix
design_56,19,helix
design_56,20,helix
design_56,21,helix
design_56,22,helix
design_56,23,helix
design_56,24,helix
design_56,25,helix
design_56,26,helix
design_56,27,coil
design_56,28,coil
design_56,29,coil
design_56,30,coil
design_56,31,strand
design_56,32,strand
design_56,33,strand
design_56,34,strand
design_56,35,strand
design_56,36,strand
design_56,37,strand
design_56,38,strand
design_56,39,strand
design_56,40,coil
design_56,41,coil
design_56,42,coil
design_56,43,coil
design_56,44,coil
design_56,45,coil
design_56,46,strand
design_56,47,strand
design_56,48,strand
design_56,49,strand
design_56,50,strand
design_56,51,strand
design_56,52,strand
design_56,53,strand
design_56,54,strand
design_56,55,coil
design_56,56,coil
design_56,57,coil
design_56,58,helix
design_56,59,helix
design_56,60,helix
design_56,61,helix
design_56,62,helix
design_56,63,helix
design_56,64,helix
design_56,65,helix
design_56,66,helix
design_56,67,helix
design_56,68,helix
design_56,69,coil
design_56,70,coil
design_56,71,coil
design_56,72,strand
design_56,73,strand
design_56,74,strand
design_56,75,strand
design_56,76,strand
design_56,77,strand
design_56,78,strand
design_56,79,strand
design_56,80,strand
design_56,81,coil
design_56,82,coil
design_56,83,coil
design_57,1,coil
design_57,2,coil
design_57,3,strand
design_57,4,strand
design_57,5,strand
design_57,6,strand
design_57,7,strand
design_57,8,strand
design_57,9,strand
design_57,10,strand
design_57,11,coil
design_57,12,coil
design_57,13,coil
design_57,14,helix
design_57,15,helix
design_57,16,helix
design_57,17,helix
design_57,18,helix
design_57,19,helix
design_57,20,helix
design_57,21,helix
design_57,22,helix
design_57,23,helix
design_57,24,helix
design_57,25,helix
design_57,26,helix
design_57,27,coil
design_57,28,coil
design_57,29,coil
design_57,30,coil
design_57,31,strand
design_57,32,strand
design_57,33,strand
design_57,34,strand
design_57,35,strand
design_57,36,strand
design_57,37,coil
design_57,38,coil
design_57,39,coil
design_57,40,coil
design_57,41,strand
design_57,42,strand
design_57,43,strand
design_57,44,strand
design_57,45,strand
design_57,46,strand
design_57,47,strand
design_57,48,coil
design_57,49,coil
design_57,50,coil
design_57,51,helix
design_57,52,helix
design_57,53,helix
design_57,54,helix
design_57,55,helix
design_57,56,helix
design_57,57,helix
design_57,58,helix
design_57,59,helix
design_57,60,helix
design_57,61,helix
design_57,62,coil
design_57,63,coil
design_57,64,coil
design_57,65,strand
design_57,66,strand
design_57,67,strand
design_57,68,strand
design_57,69,strand
design_57,70,strand
design_57,71,strand
design_57,72,strand
design_57,73,coil
design_57,74,coil
design_57,75,coil
design_57,76,coil
design_58,1,coil
design_58,2,coil
design_58,3,strand
design_58,4,strand
design_58,5,strand
design_58,6,strand
design_58,7,strand
design_58,8,strand
design_58,9,strand
design_58,10,strand
design_58,11,coil
design_58,12,coil
design_58,13,coil
design_58,14,helix
design_58,15,helix
design_58,16,helix
design_58,17,helix
design_58,18,helix
design_58,19,helix
design_58,20,helix
design_58,21,helix
design_58,22,helix
design_58,23,helix
design_58,24,helix
design_58,25,helix
design_58,26,helix
design_58,27,coil
design_58,28,coil
design_58,29,coil
design_58,30,coil
design_58,31,strand
design_58,32,strand
design_58,33,strand
design_58,34,strand
design_58,35,strand
design_58,36,strand
design_58,37,strand
design_58,38,strand
design_58,39,coil
design_58,40,coil
design_58,41,coil
design_58,42,coil
design_58,43,coil
design_58,44,strand
design_58,45,strand
design_58,46,strand
design_58,47,strand
design_58,48,strand
design_58,49,strand
design_58,50,strand
design_58,51,strand
design_58,52,coil
design_58,53,coil
design_58,54,coil
design_58,55,helix
design_58,56,helix
design_58,57,helix
design_58,58,helix
design_58,59,helix
design_58,60,helix
design_58,61,helix
design_58,62,helix
design_58,63,helix
design_58,64,helix
design_58,65,helix
design_58,66,coil
design_58,67,coil
design_58,68,coil
design_58,69,strand
design_58,70,strand
design_58,71,strand
design_58,72,strand
design_58,73,strand
design_58,74,strand
design_58,75,strand
design_58,76,strand
design_58,77,coil
design_58,78,coil
design_58,79,coil
design_58,80,coil
design_59,1,coil
design_59,2,coil
design_59,3,strand
design_59,4,strand
design_59,5,strand
design_59,6,strand
design_59,7,strand
design_59,8,strand
design_59,9,strand
design_59,10,strand
design_59,11,coil
design_59,12,coil
design_59,13,coil
design_59,14,helix
design_59,15,helix
design_59,16,helix
design_59,17,helix
design_59,18,helix
design_59,19,helix
design_59,20,helix
design_59,21,helix
design_59,22,helix
design_59,23,helix
design_59,24,helix
design_59,25,helix
design_59,26,helix
design_59,27,coil
design_59,28,coil
design_59,29,coil
design_59,30,coil
design_59,31,strand
design_59,32,strand
design_59,33,strand
design_59,34,strand
design_59,35,strand
design_59,36,strand
design_59,37,coil
design_59,38,coil
design_59,39,coil
design_59,40,coil
design_59,41,strand
design_59,42,strand
design_59,43,strand
design_59,44,strand
design_59,45,strand
design_59,46,strand
design_59,47,strand
design_59,48,coil
design_59,49,coil
design_59,50,coil
design_59,51,helix
design_59,52,helix
design_59,53,helix
design_59,54,helix
design_59,55,helix
design_59,56,helix
design_59,57,helix
design_59,58,helix
design_59,59,helix
design_59,60,helix
design_59,61,helix
design_59,62,coil
design_59,63,coil
design_59,64,coil
design_59,65,strand
design_59,66,strand
design_59,67,strand
design_59,68,strand
design_59,69,strand
design_59,70,strand
design_59,71,strand
design_59,72,strand
design_59,73,coil
design_59,74,coil
design_59,75,coil
design_59,76,coil
design_6,1,coil
design_6,2,coil
design_6,3,strand
design_6,4,strand
design_6,5,strand
design_6,6,strand
design_6,7,strand
design_6,8,strand
design_6,9,strand
design_6,10,strand
design_6,11,coil
design_6,12,coil
design_6,13,coil
design_6,14,helix
design_6,15,helix
design_6,16,helix
design_6,17,helix
design_6,18,helix
design_6,19,helix
design_6,20,helix
design_6,21,helix
design_6,22,helix
design_6,23,helix
design_6,24,helix
design_6,25,helix
design_6,26,helix
design_6,27,coil
design_6,28,coil
design_6,29,coil
design_6,30,coil
design_6,31,strand
design_6,32,strand
design_6,33,strand
design_6,34,strand
design_6,35,strand
design_6,36,strand
design_6,37,strand
design_6,38,strand
design_6,39,coil
design_6,40,coil
design_6,41,coil
design_6,42,coil
design_6,43,coil
design_6,44,strand
design_6,45,strand
design_6,46,strand
design_6,47,strand
design_6,48,strand
design_6,49,strand
design_6,50,strand
design_6,51,strand
design_6,52,coil
design_6,53,coil
design_6,54,coil
design_6,55,helix
design_6,56,helix
design_6,57,helix
design_6,58,helix
design_6,59,helix
design_6,60,helix
design_6,61,helix
design_6,62,helix
design_6,63,helix
design_6,64,helix
design_6,65,helix
design_6,66,coil
design_6,67,coil
design_6,68,coil
design_6,69,strand
design_6,70,strand
design_6,71,strand
design_6,72,strand
design_6,73,strand
design_6,74,strand
design_6,75,strand
design_6,76,strand
design_6,77,coil
design_6,78,coil
design_6,79,coil
design_6,80,coil
design_60,1,coil
design_60,2,coil
design_60,3,strand
design_60,4,strand
design_60,5,strand
design_60,6,strand
design_60,7,strand
design_60,8,strand
design_60,9,strand
design_60,10,strand
design_60,11,coil
design_60,12,coil
design_60,13,coil
design_60,14,helix
design_60,15,helix
design_60,16,helix
design_60,17,helix
design_60,18,helix
design_60,19,helix
design_60,20,helix
design_60,21,helix
design_60,22,helix
design_60,23,helix
design_60,24,helix
design_60,25,helix
design_60,26,helix
design_60,27,coil
design_60,28,coil
design_60,29,coil
design_60,30,coil
design_60,31,strand
design_60,32,strand
design_60,33,strand
design_60,34,strand
design_60,35,strand
design_60,36,strand
design_60,37,strand
design_60,38,strand
design_60,39,coil
design_60,40,coil
design_60,41,coil
design_60,42,coil
design_60,43,coil
design_60,44,strand
design_60,45,strand
design_60,46,strand
design_60,47,strand
design_60,48,strand
design_60,49,strand
design_60,50,strand
design_60,51,strand
design_60,52,coil
design_60,53,coil
design_60,54,coil
design_60,55,helix
design_60,56,helix
design_60,57,helix
design_60,58,helix
design_60,59,helix
design_60,60,helix
design_60,61,helix
design_60,62,helix
design_60,63,helix
design_60,64,helix
design_60,65,helix
design_60,66,coil
design_60,67,coil
design_60,68,coil
design_60,69,strand
design_60,70,strand
design_60,71,strand
design_60,72,strand
design_60,73,strand
design_60,74,strand
design_60,75,strand
design_60,76,strand
design_60,77,coil
design_60,78,coil
design_60,79,coil
design_60,80,coil
design_61,1,coil
design_61,2,coil
design_61,3,strand
design_61,4,strand
design_61,5,strand
design_61,6,strand
design_61,7,strand
design_61,8,strand
design_61,9,strand
design_61,10,strand
design_61,11,coil
design_61,12,coil
design_61,13,coil
design_61,14,helix
design_61,15,helix
design_61,16,helix
design_61,17,helix
design_61,18,helix
design_61,19,helix
design_61,20,helix
design_61,21,helix
design_61,22,helix
design_61,23,helix
design_61,24,helix
design_61,25,helix
design_61,26,helix
design_61,27,coil
design_61,28,coil
design_61,29,coil
design_61,30,coil
design_61,31,strand
design_61,32,strand
design_61,33,strand
design_61,34,strand
design_61,35,strand
design_61,36,strand
design_61,37,strand
design_61,38,strand
design_61,39,strand
design_61,40,strand
design_61,41,coil
design_61,42,coil
design_61,43,coil
design_61,44,coil
design_61,45,coil
design_61,46,strand
design_61,47,strand
design_61,48,strand
design_61,49,strand
design_61,50,strand
design_61,51,strand
design_61,52,strand
design_61,53,strand
design_61,54,strand
design_61,55,strand
design_61,56,coil
design_61,57,coil
design_61,58,coil
design_61,59,helix
design_61,60,helix
design_61,61,helix
design_61,62,helix
design_61,63,helix
design_61,64,helix
design_61,65,helix
design_61,66,helix
design_61,67,helix
design_61,68,helix
design_61,69,helix
design_61,70,coil
design_61,71,coil
design_61,72,coil
design_61,73,strand
design_61,74,strand
design_61,75,strand
design_61,76,strand
design_61,77,strand
design_61,78,strand
design_61,79,strand
design_61,80,strand
design_61,81,coil
design_61,82,coil
design_61,83,coil
design_61,84,coil
design_62,1,coil
design_62,2,coil
design_62,3,strand
design_62,4,strand
design_62,5,strand
design_62,6,strand
design_62,7,strand
design_62,8,strand
design_62,9,strand
design_62,10,strand
design_62,11,coil
design_62,12,coil
design_62,13,coil
design_62,14,helix
design_62,15,helix
design_62,16,helix
design_62,17,helix
design_62,18,helix
design_62,19,helix
design_62,20,helix
design_62,21,helix
design_62,22,helix
design_62,23,helix
design_62,24,helix
design_62,25,helix
design_62,26,helix
design_62,27,coil
design_62,28,coil
design_62,29,coil
design_62,30,coil
design_62,31,strand
design_62,32,strand
design_62,33,strand
design_62,34,strand
design_62,35,strand
design_62,36,strand
design_62,37,strand
design_62,38,coil
design_62,39,coil
design_62,40,coil
design_62,41,coil
design_62,42,coil
design_62,43,coil
design_62,44,coil
design_62,45,coil
design_62,46,strand
design_62,47,strand
design_62,48,strand
design_62,49,strand
design_62,50,strand
design_62,51,strand
design_62,52,strand
design_62,53,strand
design_62,54,coil
design_62,55,coil
design_62,56,coil
design_62,57,helix
design_62,58,helix
design_62,59,helix
design_62,60,helix
design_62,61,helix
design_62,62,helix
design_62,63,helix
design_62,64,helix
design_62,65,helix
design_62,66,helix
design_62,67,helix
design_62,68,coil
design_62,69,coil
design_62,70,coil
design_62,71,strand
design_62,72,strand
design_62,73,strand
design_62,74,strand
design_62,75,strand
design_62,76,strand
design_62,77,strand
design_62,78,strand
design_62,79,coil
design_62,80,coil
design_62,81,coil
design_62,82,coil
design_63,1,coil
design_63,2,coil
design_63,3,strand
design_63,4,strand
design_63,5,strand
design_63,6,strand
design_63,7,strand
design_63,8,strand
design_63,9,strand
design_63,10,strand
design_63,11,coil
design_63,12,coil
design_63,13,coil
design_63,14,helix
design_63,15,helix
design_63,16,helix
design_63,17,helix
design_63,18,helix
design_63,19,helix
design_63,20,helix
design_63,21,helix
design_63,22,helix
design_63,23,helix
design_63,24,helix
design_63,25,helix
design_63,26,helix
design_63,27,coil
design_63,28,coil
design_63,29,coil
design_63,30,coil
design_63,31,strand
design_63,32,strand
design_63,33,strand
design_63,34,strand
design_63,35,strand
design_63,36,strand
design_63,37,coil
design_63,38,coil
design_63,39,coil
design_63,40,coil
design_63,41,strand
design_63,42,strand
design_63,43,strand
design_63,44,strand
design_63,45,strand
design_63,46,strand
design_63,47,strand
design_63,48,coil
design_63,49,coil
design_63,50,coil
design_63,51,helix
design_63,52,helix
design_63,53,helix
design_63,54,helix
design_63,55,helix
design_63,56,helix
design_63,57,helix
design_63,58,helix
design_63,59,helix
design_63,60,helix
design_63,61,helix
design_63,62,coil
design_63,63,coil
design_63,64,coil
design_63,65,strand
design_63,66,strand
design_63,67,strand
design_63,68,strand
design_63,69,strand
design_63,70,strand
design_63,71,strand
design_63,72,strand
design_63,73,coil
design_63,74,coil
design_63,75,coil
design_63,76,coil
design_7,1,coil
design_7,2,coil
design_7,3,strand
design_7,4,strand
design_7,5,strand
design_7,6,strand
design_7,7,strand
design_7,8,strand
design_7,9,strand
design_7,10,strand
design_7,11,coil
design_7,12,coil
design_7,13,coil
design_7,14,helix
design_7,15,helix
design_7,16,helix
design_7,17,helix
design_7,18,helix
design_7,19,helix
design_7,20,helix
design_7,21,helix
design_7,22,helix
design_7,23,helix
design_7,24,helix
design_7,25,helix
design_7,26,helix
design_7,27,coil
design_7,28,coil
design_7,29,coil
design_7,30,coil
design_7,31,strand
design_7,32,strand
design_7,33,strand
design_7,34,strand
design_7,35,strand
design_7,36,strand
design_7,37,strand
design_7,38,strand
design_7,39,coil
design_7,40,coil
design_7,41,coil
design_7,42,strand
design_7,43,strand
design_7,44,strand
design_7,45,strand
design_7,46,strand
design_7,47,strand
design_7,48,strand
design_7,49,strand
design_7,50,coil
design_7,51,coil
design_7,52,coil
design_7,53,helix
design_7,54,helix
design_7,55,helix
design_7,56,helix
design_7,57,helix
design_7,58,helix
design_7,59,helix
design_7,60,helix
design_7,61,helix
design_7,62,helix
design_7,63,helix
design_7,64,coil
design_7,65,coil
design_7,66,coil
design_7,67,strand
design_7,68,strand
design_7,69,strand
design_7,70,strand
design_7,71,strand
design_7,72,strand
design_7,73,coil
design_7,74,coil
design_7,75,coil
design_7,76,coil
design_7,77,coil
design_7,78,coil
design_8,1,coil
design_8,2,coil
design_8,3,strand
design_8,4,strand
design_8,5,strand
design_8,6,strand
design_8,7,strand
design_8,8,strand
design_8,9,strand
design_8,10,strand
design_8,11,coil
design_8,12,coil
design_8,13,coil
design_8,14,helix
design_8,15,helix
design_8,16,helix
design_8,17,helix
design_8,18,helix
design_8,19,helix
design_8,20,helix
design_8,21,helix
design_8,22,helix
design_8,23,helix
design_8,24,helix
design_8,25,helix
design_8,26,helix
design_8,27,coil
design_8,28,coil
design_8,29,coil
design_8,30,coil
design_8,31,strand
design_8,32,strand
design_8,33,strand
design_8,34,strand
design_8,35,strand
design_8,36,strand
design_8,37,strand
design_8,38,strand
design_8,39,coil
design_8,40,coil
design_8,41,coil
design_8,42,strand
design_8,43,strand
design_8,44,strand
design_8,45,strand
design_8,46,strand
design_8,47,strand
design_8,48,strand
design_8,49,strand
design_8,50,coil
design_8,51,coil
design_8,52,coil
design_8,53,helix
design_8,54,helix
design_8,55,helix
design_8,56,helix
design_8,57,helix
design_8,58,helix
design_8,59,helix
design_8,60,helix
design_8,61,helix
design_8,62,helix
design_8,63,helix
design_8,64,coil
design_8,65,coil
design_8,66,coil
design_8,67,strand
design_8,68,strand
design_8,69,strand
design_8,70,strand
design_8,71,strand
design_8,72,strand
design_8,73,strand
design_8,74,strand
design_8,75,coil
design_8,76,coil
design_8,77,coil
design_8,78,coil
design_9,1,coil
design_9,2,coil
design_9,3,strand
design_9,4,strand
design_9,5,strand
design_9,6,strand
design_9,7,strand
design_9,8,strand
design_9,9,strand
design_9,10,strand
design_9,11,coil
design_9,12,coil
design_9,13,coil
design_9,14,helix
design_9,15,helix
design_9,16,helix
design_9,17,helix
design_9,18,helix
design_9,19,helix
design_9,20,helix
design_9,21,helix
design_9,22,helix
design_9,23,helix
design_9,24,helix
design_9,25,helix
design_9,26,helix
design_9,27,coil
design_9,28,coil
design_9,29,coil
design_9,30,coil
design_9,31,strand
design_9,32,strand
design_9,33,strand
design_9,34,strand
design_9,35,strand
design_9,36,strand
design_9,37,strand
design_9,38,strand
design_9,39,coil
design_9,40,coil
design_9,41,coil
design_9,42,coil
design_9,43,coil
design_9,44,coil
design_9,45,coil
design_9,46,coil
design_9,47,coil
design_9,48,coil
design_9,49,strand
design_9,50,strand
design_9,51,strand
design_9,52,strand
design_9,53,strand
design_9,54,strand
design_9,55,strand
design_9,56,strand
design_9,57,coil
design_9,58,coil
design_9,59,coil
design_9,60,helix
design_9,61,helix
design_9,62,helix
design_9,63,helix
design_9,64,helix
design_9,65,helix
design_9,66,helix
design_9,67,helix
design_9,68,helix
design_9,69,helix
design_9,70,helix
design_9,71,coil
design_9,72,coil
design_9,73,coil
design_9,74,strand
design_9,75,strand
design_9,76,strand
design_9,77,strand
design_9,78,strand
design_9,79,strand
design_9,80,strand
design_9,81,strand
design_9,82,coil
design_9,83,coil
design_9,84,coil
design_9,85,coil
wild-type,1,coil
wild-type,2,coil
wild-type,3,strand
wild-type,4,strand
wild-type,5,strand
wild-type,6,strand
wild-type,7,strand
wild-type,8,strand
wild-type,9,strand
wild-type,10,strand
wild-type,11,coil
wild-type,12,coil
wild-type,13,coil
wild-type,14,helix
wild-type,15,helix
wild-type,16,helix
wild-type,17,helix
wild-type,18,helix
wild-type,19,helix
wild-type,20,helix
wild-type,21,helix
wild-type,22,helix
wild-type,23,helix
wild-type,24,helix
wild-type,25,helix
wild-type,26,helix
wild-type,27,coil
wild-type,28,coil
wild-type,29,coil
wild-type,30,coil
wild-type,31,strand
wild-type,32,strand
wild-type,33,strand
wild-type,34,strand
wild-type,35,strand
wild-type,36,strand
wild-type,37,strand
wild-type,38,coil
wild-type,39,coil
wild-type,40,coil
wild-type,41,coil
wild-type,42,coil
wild-type,43,strand
wild-type,44,strand
wild-type,45,strand
wild-type,46,strand
wild-type,47,strand
wild-type,48,strand
wild-type,49,strand
wild-type,50,coil
wild-type,51,coil
wild-type,52,coil
wild-type,53,helix
wild-type,54,helix
wild-type,55,helix
wild-type,56,helix
wild-type,57,helix
wild-type,58,helix
wild-type,59,helix
wild-type,60,helix
wild-type,61,helix
wild-type,62,helix
wild-type,63,helix
wild-type,64,coil
wild-type,65,coil
wild-type,66,coil
wild-type,67,strand
wild-type,68,strand
wild-type,69,strand
wild-type,70,strand
wild-type,71,strand
wild-type,72,strand
wild-type,73,strand
wild-type,74,strand
wild-type,75,coil
wild-type,76,coil
wild-type,77,coil
wild-type,78,coil
